CATEGORY,YEAR,INDICATOR,SOURCE,DESCRIPTION,UNIT,MAP,GRAPH,FILE,OPTIONS,TYPE,European Union (28 countries),Belgium,Bulgaria,Czech Republic,Denmark,Germany,Estonia,Ireland,Greece,Spain,France,Croatia,Italy,Cyprus,Latvia,Lithuania,Hungary,Malta,Netherlands,Austria,Poland,Portugal,Romania,Slovenia,Slovakia,Finland,Sweden,United Kingdom,Iceland,Norway,Switzerland,,,,,,,,,,,,,,,,,,,,,,,,,,,,,,,,,,,,,,,,,,,,,,,,,,,,,,,,,,,,,,,,,,,,,,,,,,,,,,,,,,,,,,,,,,,,,,,,,,,,,,,,,,,,,,,,,,,,,,,,,,,,,,,,,,,,,,,,,,,,,,,,,,,,,,,,,,,,,,,,,,,,,,,,,,,,,,,,,,,,,,
ES kainos - BVP,2012,,,,,,,,,,,,,,,,,,,,,,,,,,,,,,,,,,,,,,,,,,,,,,,,,,,,,,,,,,,,,,,,,,,,,,,,,,,,,,,,,,,,,,,,,,,,,,,,,,,,,,,,,,,,,,,,,,,,,,,,,,,,,,,,,,,,,,,,,,,,,,,,,,,,,,,,,,,,,,,,,,,,,,,,,,,,,,,,,,,,,,,,,,,,,,,,,,,,,,,,,,,,,,,,,,,,,,,,,,,,,,
,,GDPpercapitaPPS,,,,,mn=[3900] mx=[49900],,,,25500,30400,12100,20300,32100,31300,18000,33200,19200,24400,27500,15600,25200,23500,15900,17900,16700,22100,32800,33300,16800,19200,12500,20900,19100,29100,32700,28300,28500,49900,40800,,,,,,,,,,,,,,,,,,,,,,,,,,,,,,,,,,,,,,,,,,,,,,,,,,,,,,,,,,,,,,,,,,,,,,,,,,,,,,,,,,,,,,,,,,,,,,,,,,,,,,,,,,,,,,,,,,,,,,,,,,,,,,,,,,,,,,,,,,,,,,,,,,,,,,,,,,,,,,,,,,,,,,,,,,,,,,,,,,,,,,
,,PriceLevel,,,,,mn=[21] mx=[180],,,,100,110.9,45.1,70.4,136.5,103.4,71.4,108.6,89.3,91.2,112,65.4,100.4,87.8,66.8,60.3,57.5,74.6,109.9,109.9,57.8,80.6,48.4,80.3,67.8,120.8,133.1,113.3,112.2,156.1,153.7,,,,,,,,,,,,,,,,,,,,,,,,,,,,,,,,,,,,,,,,,,,,,,,,,,,,,,,,,,,,,,,,,,,,,,,,,,,,,,,,,,,,,,,,,,,,,,,,,,,,,,,,,,,,,,,,,,,,,,,,,,,,,,,,,,,,,,,,,,,,,,,,,,,,,,,,,,,,,,,,,,,,,,,,,,,,,,,,,,,,,,
,,LOG(GDPpercapitaPPS),,,,,mn=[3.6] mx=[4.7],,,,4.40654018,4.482873584,4.08278537,4.307496038,4.506505032,4.495544338,4.255272505,4.521138084,4.283301229,4.387389826,4.439332694,4.193124598,4.401400541,4.371067862,4.201397124,4.252853031,4.222716471,4.344392274,4.515873844,4.522444234,4.225309282,4.283301229,4.096910013,4.320146286,4.281033367,4.463892989,4.514547753,4.451786436,4.45484486,4.698100546,4.610660163,,,,,,,,,,,,,,,,,,,,,,,,,,,,,,,,,,,,,,,,,,,,,,,,,,,,,,,,,,,,,,,,,,,,,,,,,,,,,,,,,,,,,,,,,,,,,,,,,,,,,,,,,,,,,,,,,,,,,,,,,,,,,,,,,,,,,,,,,,,,,,,,,,,,,,,,,,,,,,,,,,,,,,,,,,,,,,,,,,,,,,
,,LOG(PriceLevel),,,,,mn=[1.3] mx=[2.3],,,,2,2.044931546,1.654176542,1.847572659,2.135132651,2.014520539,1.853698212,2.035829825,1.950851459,1.959994838,2.049218023,1.815577748,2.001733713,1.943494516,1.824776462,1.780317312,1.759667845,1.872738827,2.040997692,2.040997692,1.761927838,1.906335042,1.684845362,1.904715545,1.831229694,2.082066934,2.124178055,2.05422991,2.049992857,2.193402903,2.186673867,,,,,,,,,,,,,,,,,,,,,,,,,,,,,,,,,,,,,,,,,,,,,,,,,,,,,,,,,,,,,,,,,,,,,,,,,,,,,,,,,,,,,,,,,,,,,,,,,,,,,,,,,,,,,,,,,,,,,,,,,,,,,,,,,,,,,,,,,,,,,,,,,,,,,,,,,,,,,,,,,,,,,,,,,,,,,,,,,,,,,,
,,GDP2012/GDP1995,,,,,mn=[1] mx=[3.5],,,,1.746575342,1.608465608,2.630434783,1.8125,1.663212435,1.656084656,3.396226415,2.184210526,1.745454545,1.820895522,1.617647059,2.328358209,1.415730337,1.8359375,3.456521739,3.442307692,2.226666667,1.687022901,1.812154696,1.69035533,2.666666667,1.699115044,2.604166667,1.917431193,2.728571429,1.841772152,1.786885246,1.674556213,1.462,2.52,1.782,,,,,,,,,,,,,,,,,,,,,,,,,,,,,,,,,,,,,,,,,,,,,,,,,,,,,,,,,,,,,,,,,,,,,,,,,,,,,,,,,,,,,,,,,,,,,,,,,,,,,,,,,,,,,,,,,,,,,,,,,,,,,,,,,,,,,,,,,,,,,,,,,,,,,,,,,,,,,,,,,,,,,,,,,,,,,,,,,,,,,,
,2011,,,,,,,,,,,,,,,,,,,,,,,,,,,,,,,,,,,,,,,,,,,,,,,,,,,,,,,,,,,,,,,,,,,,,,,,,,,,,,,,,,,,,,,,,,,,,,,,,,,,,,,,,,,,,,,,,,,,,,,,,,,,,,,,,,,,,,,,,,,,,,,,,,,,,,,,,,,,,,,,,,,,,,,,,,,,,,,,,,,,,,,,,,,,,,,,,,,,,,,,,,,,,,,,,,,,,,,,,,,,,,
,,-,,,,,,,,,25100,29800,11600,20100,31500,30500,17200,32600,19900,24300,27300,15200,25100,23700,14700,16700,16300,21900,32700,32400,16200,19600,11900,21000,18500,28700,31700,27700,28100,46900,39500,,,,,,,,,,,,,,,,,,,,,,,,,,,,,,,,,,,,,,,,,,,,,,,,,,,,,,,,,,,,,,,,,,,,,,,,,,,,,,,,,,,,,,,,,,,,,,,,,,,,,,,,,,,,,,,,,,,,,,,,,,,,,,,,,,,,,,,,,,,,,,,,,,,,,,,,,,,,,,,,,,,,,,,,,,,,,,,,,,,,,,
,,-,,,,,,,,,100,111.5,44.9,72.8,137.2,103.5,69.7,110,92.2,93.8,112.3,67.9,102.2,89.4,65.3,60.4,58.8,74.2,110.6,110.3,58.8,83.4,50.6,83.1,67.6,120.6,129.9,106.9,110,153.1,155.5,,,,,,,,,,,,,,,,,,,,,,,,,,,,,,,,,,,,,,,,,,,,,,,,,,,,,,,,,,,,,,,,,,,,,,,,,,,,,,,,,,,,,,,,,,,,,,,,,,,,,,,,,,,,,,,,,,,,,,,,,,,,,,,,,,,,,,,,,,,,,,,,,,,,,,,,,,,,,,,,,,,,,,,,,,,,,,,,,,,,,,
,,-,,,,,,,,,4.399673721,4.474216264,4.064457989,4.303196057,4.498310554,4.484299839,4.235528447,4.5132176,4.298853076,4.385606274,4.436162647,4.181843588,4.399673721,4.374748346,4.167317335,4.222716471,4.212187604,4.340444115,4.514547753,4.51054501,4.209515015,4.292256071,4.075546961,4.322219295,4.267171728,4.457881897,4.501059262,4.442479769,4.44870632,4.671172843,4.596597096,,,,,,,,,,,,,,,,,,,,,,,,,,,,,,,,,,,,,,,,,,,,,,,,,,,,,,,,,,,,,,,,,,,,,,,,,,,,,,,,,,,,,,,,,,,,,,,,,,,,,,,,,,,,,,,,,,,,,,,,,,,,,,,,,,,,,,,,,,,,,,,,,,,,,,,,,,,,,,,,,,,,,,,,,,,,,,,,,,,,,,
,,-,,,,,,,,,2,2.047274867,1.652246341,1.862131379,2.137354111,2.01494035,1.843232778,2.041392685,1.964730921,1.972202838,2.050379756,1.831869774,2.009450896,1.951337519,1.814913181,1.781036939,1.769377326,1.870403905,2.043755127,2.042575512,1.769377326,1.921166051,1.704150517,1.919601024,1.829946696,2.081347308,2.113609151,2.028977705,2.041392685,2.184975191,2.191730393,,,,,,,,,,,,,,,,,,,,,,,,,,,,,,,,,,,,,,,,,,,,,,,,,,,,,,,,,,,,,,,,,,,,,,,,,,,,,,,,,,,,,,,,,,,,,,,,,,,,,,,,,,,,,,,,,,,,,,,,,,,,,,,,,,,,,,,,,,,,,,,,,,,,,,,,,,,,,,,,,,,,,,,,,,,,,,,,,,,,,,
,,-,,,,,,,,,0.242187325,0.206411779,0.420027539,0.258278015,0.220947723,0.219082533,0.530996636,0.339294496,0.241908544,0.260285028,0.208883772,0.367049796,0.150980538,0.263857893,0.538639293,0.536849687,0.347655208,0.227120978,0.258195269,0.227978007,0.425968732,0.230222785,0.415668776,0.282719788,0.435935327,0.265235902,0.252096663,0.223899731,0.164810249,0.401435355,0.250824681,,,,,,,,,,,,,,,,,,,,,,,,,,,,,,,,,,,,,,,,,,,,,,,,,,,,,,,,,,,,,,,,,,,,,,,,,,,,,,,,,,,,,,,,,,,,,,,,,,,,,,,,,,,,,,,,,,,,,,,,,,,,,,,,,,,,,,,,,,,,,,,,,,,,,,,,,,,,,,,,,,,,,,,,,,,,,,,,,,,,,,
,2010,,,,,,,,,,,,,,,,,,,,,,,,,,,,,,,,,,,,,,,,,,,,,,,,,,,,,,,,,,,,,,,,,,,,,,,,,,,,,,,,,,,,,,,,,,,,,,,,,,,,,,,,,,,,,,,,,,,,,,,,,,,,,,,,,,,,,,,,,,,,,,,,,,,,,,,,,,,,,,,,,,,,,,,,,,,,,,,,,,,,,,,,,,,,,,,,,,,,,,,,,,,,,,,,,,,,,,,,,,,,,,
,,-,,,,,,,,,24400,29100,10700,19500,31300,29000,15500,31300,21200,24200,26500,14300,24700,23600,13200,15000,15800,21400,32000,31100,15300,19700,11400,20500,17900,27700,30200,27500,27300,44300,37600,,,,,,,,,,,,,,,,,,,,,,,,,,,,,,,,,,,,,,,,,,,,,,,,,,,,,,,,,,,,,,,,,,,,,,,,,,,,,,,,,,,,,,,,,,,,,,,,,,,,,,,,,,,,,,,,,,,,,,,,,,,,,,,,,,,,,,,,,,,,,,,,,,,,,,,,,,,,,,,,,,,,,,,,,,,,,,,,,,,,,,
,,-,,,,,,,,,100,111,44.4,72.4,136.6,104.5,68.7,110.6,92,94.1,112.4,70.4,102.3,88.8,63.9,59.1,59.7,73.1,111.4,110.4,59.8,82.9,49.6,84.1,66.9,119.5,123.7,105.7,106.8,147.7,143.4,,,,,,,,,,,,,,,,,,,,,,,,,,,,,,,,,,,,,,,,,,,,,,,,,,,,,,,,,,,,,,,,,,,,,,,,,,,,,,,,,,,,,,,,,,,,,,,,,,,,,,,,,,,,,,,,,,,,,,,,,,,,,,,,,,,,,,,,,,,,,,,,,,,,,,,,,,,,,,,,,,,,,,,,,,,,,,,,,,,,,,
,,-,,,,,,,,,4.387389826,4.463892989,4.029383778,4.290034611,4.495544338,4.462397998,4.190331698,4.495544338,4.326335861,4.383815366,4.423245874,4.155336037,4.392696953,4.372912003,4.120573931,4.176091259,4.198657087,4.330413773,4.505149978,4.492760389,4.184691431,4.294466226,4.056904851,4.311753861,4.252853031,4.442479769,4.480006943,4.439332694,4.436162647,4.646403726,4.575187845,,,,,,,,,,,,,,,,,,,,,,,,,,,,,,,,,,,,,,,,,,,,,,,,,,,,,,,,,,,,,,,,,,,,,,,,,,,,,,,,,,,,,,,,,,,,,,,,,,,,,,,,,,,,,,,,,,,,,,,,,,,,,,,,,,,,,,,,,,,,,,,,,,,,,,,,,,,,,,,,,,,,,,,,,,,,,,,,,,,,,,
,,-,,,,,,,,,2,2.045322979,1.64738297,1.859738566,2.135450699,2.01911629,1.836956737,2.043755127,1.963787827,1.973589623,2.050766311,1.847572659,2.009875634,1.948412966,1.805500858,1.771587481,1.775974331,1.863917377,2.046885191,2.042969073,1.776701184,1.918554531,1.695481676,1.924795996,1.825426118,2.077367905,2.0923697,2.024074987,2.028571253,2.169380495,2.156549151,,,,,,,,,,,,,,,,,,,,,,,,,,,,,,,,,,,,,,,,,,,,,,,,,,,,,,,,,,,,,,,,,,,,,,,,,,,,,,,,,,,,,,,,,,,,,,,,,,,,,,,,,,,,,,,,,,,,,,,,,,,,,,,,,,,,,,,,,,,,,,,,,,,,,,,,,,,,,,,,,,,,,,,,,,,,,,,,,,,,,,
,,-,,,,,,,,,0.242187325,0.206411779,0.420027539,0.258278015,0.220947723,0.219082533,0.530996636,0.339294496,0.241908544,0.260285028,0.208883772,0.367049796,0.150980538,0.263857893,0.538639293,0.536849687,0.347655208,0.227120978,0.258195269,0.227978007,0.425968732,0.230222785,0.415668776,0.282719788,0.435935327,0.265235902,0.252096663,0.223899731,0.164810249,0.401435355,0.250824681,,,,,,,,,,,,,,,,,,,,,,,,,,,,,,,,,,,,,,,,,,,,,,,,,,,,,,,,,,,,,,,,,,,,,,,,,,,,,,,,,,,,,,,,,,,,,,,,,,,,,,,,,,,,,,,,,,,,,,,,,,,,,,,,,,,,,,,,,,,,,,,,,,,,,,,,,,,,,,,,,,,,,,,,,,,,,,,,,,,,,,
,2009,,,,,,,,,,,,,,,,,,,,,,,,,,,,,,,,,,,,,,,,,,,,,,,,,,,,,,,,,,,,,,,,,,,,,,,,,,,,,,,,,,,,,,,,,,,,,,,,,,,,,,,,,,,,,,,,,,,,,,,,,,,,,,,,,,,,,,,,,,,,,,,,,,,,,,,,,,,,,,,,,,,,,,,,,,,,,,,,,,,,,,,,,,,,,,,,,,,,,,,,,,,,,,,,,,,,,,,,,,,,,,
,,-,,,,,,,,,23500,27700,10300,19400,29000,27000,15000,30200,22100,24200,25600,14500,24400,23500,12700,13600,15300,19900,31000,29500,14200,18800,11100,20300,17100,26900,28200,26300,28300,41500,35200,,,,,,,,,,,,,,,,,,,,,,,,,,,,,,,,,,,,,,,,,,,,,,,,,,,,,,,,,,,,,,,,,,,,,,,,,,,,,,,,,,,,,,,,,,,,,,,,,,,,,,,,,,,,,,,,,,,,,,,,,,,,,,,,,,,,,,,,,,,,,,,,,,,,,,,,,,,,,,,,,,,,,,,,,,,,,,,,,,,,,,
,,-,,,,,,,,,100,114.2,44.8,70,140,107.7,69.8,118.7,92.8,94.4,114.6,69.8,103.7,89,68.3,62,59.6,72.8,112,112.3,57.3,84.3,49.7,85.7,68,120.2,111.7,98,96.3,136.5,133.8,,,,,,,,,,,,,,,,,,,,,,,,,,,,,,,,,,,,,,,,,,,,,,,,,,,,,,,,,,,,,,,,,,,,,,,,,,,,,,,,,,,,,,,,,,,,,,,,,,,,,,,,,,,,,,,,,,,,,,,,,,,,,,,,,,,,,,,,,,,,,,,,,,,,,,,,,,,,,,,,,,,,,,,,,,,,,,,,,,,,,,
,,-,,,,,,,,,4.371067862,4.442479769,4.012837225,4.28780173,4.462397998,4.431363764,4.176091259,4.480006943,4.344392274,4.383815366,4.408239965,4.161368002,4.387389826,4.371067862,4.103803721,4.133538908,4.184691431,4.298853076,4.491361694,4.469822016,4.152288344,4.274157849,4.045322979,4.307496038,4.23299611,4.42975228,4.450249108,4.419955748,4.451786436,4.618048097,4.546542663,,,,,,,,,,,,,,,,,,,,,,,,,,,,,,,,,,,,,,,,,,,,,,,,,,,,,,,,,,,,,,,,,,,,,,,,,,,,,,,,,,,,,,,,,,,,,,,,,,,,,,,,,,,,,,,,,,,,,,,,,,,,,,,,,,,,,,,,,,,,,,,,,,,,,,,,,,,,,,,,,,,,,,,,,,,,,,,,,,,,,,
,,-,,,,,,,,,2,2.057666104,1.651278014,1.84509804,2.146128036,2.032215703,1.843855423,2.074450719,1.967547976,1.974971994,2.059184618,1.843855423,2.015778756,1.949390007,1.834420704,1.792391689,1.77524626,1.862131379,2.049218023,2.050379756,1.758154622,1.925827575,1.696356389,1.932980822,1.832508913,2.079904468,2.048053173,1.991226076,1.983626287,2.135132651,2.126456113,,,,,,,,,,,,,,,,,,,,,,,,,,,,,,,,,,,,,,,,,,,,,,,,,,,,,,,,,,,,,,,,,,,,,,,,,,,,,,,,,,,,,,,,,,,,,,,,,,,,,,,,,,,,,,,,,,,,,,,,,,,,,,,,,,,,,,,,,,,,,,,,,,,,,,,,,,,,,,,,,,,,,,,,,,,,,,,,,,,,,,
,,-,,,,,,,,,0.242187325,0.206411779,0.420027539,0.258278015,0.220947723,0.219082533,0.530996636,0.339294496,0.241908544,0.260285028,0.208883772,0.367049796,0.150980538,0.263857893,0.538639293,0.536849687,0.347655208,0.227120978,0.258195269,0.227978007,0.425968732,0.230222785,0.415668776,0.282719788,0.435935327,0.265235902,0.252096663,0.223899731,0.164810249,0.401435355,0.250824681,,,,,,,,,,,,,,,,,,,,,,,,,,,,,,,,,,,,,,,,,,,,,,,,,,,,,,,,,,,,,,,,,,,,,,,,,,,,,,,,,,,,,,,,,,,,,,,,,,,,,,,,,,,,,,,,,,,,,,,,,,,,,,,,,,,,,,,,,,,,,,,,,,,,,,,,,,,,,,,,,,,,,,,,,,,,,,,,,,,,,,
,2008,,,,,,,,,,,,,,,,,,,,,,,,,,,,,,,,,,,,,,,,,,,,,,,,,,,,,,,,,,,,,,,,,,,,,,,,,,,,,,,,,,,,,,,,,,,,,,,,,,,,,,,,,,,,,,,,,,,,,,,,,,,,,,,,,,,,,,,,,,,,,,,,,,,,,,,,,,,,,,,,,,,,,,,,,,,,,,,,,,,,,,,,,,,,,,,,,,,,,,,,,,,,,,,,,,,,,,,,,,,,,,
,,-,,,,,,,,,25000,29000,10900,20200,31100,29000,17200,32900,23100,25900,26700,15800,26100,24900,14600,16100,16000,20300,33600,31200,14100,19500,11700,22700,18100,29800,31000,28600,30900,48000,37200,,,,,,,,,,,,,,,,,,,,,,,,,,,,,,,,,,,,,,,,,,,,,,,,,,,,,,,,,,,,,,,,,,,,,,,,,,,,,,,,,,,,,,,,,,,,,,,,,,,,,,,,,,,,,,,,,,,,,,,,,,,,,,,,,,,,,,,,,,,,,,,,,,,,,,,,,,,,,,,,,,,,,,,,,,,,,,,,,,,,,,
,,-,,,,,,,,,100,111.9,42.8,73.2,137.7,104,70.3,121.9,89.8,92.3,113,68,101.1,87.8,72,63,65.9,71.8,107.9,109.2,67.7,83.2,55.6,81.3,65.8,117.6,116.9,104.7,104.6,136.4,125,,,,,,,,,,,,,,,,,,,,,,,,,,,,,,,,,,,,,,,,,,,,,,,,,,,,,,,,,,,,,,,,,,,,,,,,,,,,,,,,,,,,,,,,,,,,,,,,,,,,,,,,,,,,,,,,,,,,,,,,,,,,,,,,,,,,,,,,,,,,,,,,,,,,,,,,,,,,,,,,,,,,,,,,,,,,,,,,,,,,,,
,,-,,,,,,,,,4.397940009,4.462397998,4.037426498,4.305351369,4.492760389,4.462397998,4.235528447,4.517195898,4.36361198,4.413299764,4.426511261,4.198657087,4.416640507,4.396199347,4.164352856,4.206825876,4.204119983,4.307496038,4.526339277,4.494154594,4.149219113,4.290034611,4.068185862,4.356025857,4.257678575,4.474216264,4.491361694,4.456366033,4.489958479,4.681241237,4.57054294,,,,,,,,,,,,,,,,,,,,,,,,,,,,,,,,,,,,,,,,,,,,,,,,,,,,,,,,,,,,,,,,,,,,,,,,,,,,,,,,,,,,,,,,,,,,,,,,,,,,,,,,,,,,,,,,,,,,,,,,,,,,,,,,,,,,,,,,,,,,,,,,,,,,,,,,,,,,,,,,,,,,,,,,,,,,,,,,,,,,,,
,,-,,,,,,,,,2,2.048830087,1.631443769,1.864511081,2.13893394,2.017033339,1.846955325,2.086003706,1.953276337,1.965201701,2.053078443,1.832508913,2.004751156,1.943494516,1.857332496,1.799340549,1.818885415,1.856124444,2.033021445,2.038222638,1.830588669,1.920123326,1.745074792,1.910090546,1.818225894,2.070407322,2.067814511,2.019946682,2.019531685,2.13481437,2.096910013,,,,,,,,,,,,,,,,,,,,,,,,,,,,,,,,,,,,,,,,,,,,,,,,,,,,,,,,,,,,,,,,,,,,,,,,,,,,,,,,,,,,,,,,,,,,,,,,,,,,,,,,,,,,,,,,,,,,,,,,,,,,,,,,,,,,,,,,,,,,,,,,,,,,,,,,,,,,,,,,,,,,,,,,,,,,,,,,,,,,,,
,,-,,,,,,,,,0.242187325,0.206411779,0.420027539,0.258278015,0.220947723,0.219082533,0.530996636,0.339294496,0.241908544,0.260285028,0.208883772,0.367049796,0.150980538,0.263857893,0.538639293,0.536849687,0.347655208,0.227120978,0.258195269,0.227978007,0.425968732,0.230222785,0.415668776,0.282719788,0.435935327,0.265235902,0.252096663,0.223899731,0.164810249,0.401435355,0.250824681,,,,,,,,,,,,,,,,,,,,,,,,,,,,,,,,,,,,,,,,,,,,,,,,,,,,,,,,,,,,,,,,,,,,,,,,,,,,,,,,,,,,,,,,,,,,,,,,,,,,,,,,,,,,,,,,,,,,,,,,,,,,,,,,,,,,,,,,,,,,,,,,,,,,,,,,,,,,,,,,,,,,,,,,,,,,,,,,,,,,,,
,2007,,,,,,,,,,,,,,,,,,,,,,,,,,,,,,,,,,,,,,,,,,,,,,,,,,,,,,,,,,,,,,,,,,,,,,,,,,,,,,,,,,,,,,,,,,,,,,,,,,,,,,,,,,,,,,,,,,,,,,,,,,,,,,,,,,,,,,,,,,,,,,,,,,,,,,,,,,,,,,,,,,,,,,,,,,,,,,,,,,,,,,,,,,,,,,,,,,,,,,,,,,,,,,,,,,,,,,,,,,,,,,
,,-,,,,,,,,,25000,28900,10000,20700,30600,28900,17500,36500,22500,26200,26900,15200,26000,23600,14300,15500,15400,19600,33100,30900,13600,19600,10400,22100,16900,29400,31200,29500,30200,45400,36000,,,,,,,,,,,,,,,,,,,,,,,,,,,,,,,,,,,,,,,,,,,,,,,,,,,,,,,,,,,,,,,,,,,,,,,,,,,,,,,,,,,,,,,,,,,,,,,,,,,,,,,,,,,,,,,,,,,,,,,,,,,,,,,,,,,,,,,,,,,,,,,,,,,,,,,,,,,,,,,,,,,,,,,,,,,,,,,,,,,,,,
,,-,,,,,,,,,100,109.4,40.1,61.9,136.3,102.5,68.4,118.2,88.6,89.9,110.1,64.5,100.8,88.1,66.7,57.5,64.5,70,105.8,107,60.1,81.4,55.9,77.6,60,116,118.5,116.3,159.2,135,120.2,,,,,,,,,,,,,,,,,,,,,,,,,,,,,,,,,,,,,,,,,,,,,,,,,,,,,,,,,,,,,,,,,,,,,,,,,,,,,,,,,,,,,,,,,,,,,,,,,,,,,,,,,,,,,,,,,,,,,,,,,,,,,,,,,,,,,,,,,,,,,,,,,,,,,,,,,,,,,,,,,,,,,,,,,,,,,,,,,,,,,,
,,-,,,,,,,,,4.397940009,4.460897843,4,4.315970345,4.485721426,4.460897843,4.243038049,4.562292864,4.352182518,4.418301291,4.42975228,4.181843588,4.414973348,4.372912003,4.155336037,4.190331698,4.187520721,4.292256071,4.519827994,4.489958479,4.133538908,4.292256071,4.017033339,4.344392274,4.227886705,4.46834733,4.494154594,4.469822016,4.480006943,4.657055853,4.556302501,,,,,,,,,,,,,,,,,,,,,,,,,,,,,,,,,,,,,,,,,,,,,,,,,,,,,,,,,,,,,,,,,,,,,,,,,,,,,,,,,,,,,,,,,,,,,,,,,,,,,,,,,,,,,,,,,,,,,,,,,,,,,,,,,,,,,,,,,,,,,,,,,,,,,,,,,,,,,,,,,,,,,,,,,,,,,,,,,,,,,,
,,-,,,,,,,,,2,2.039017322,1.603144373,1.791690649,2.134495856,2.010723865,1.835056102,2.072617477,1.947433722,1.953759692,2.041787319,1.809559715,2.003460532,1.944975908,1.824125834,1.759667845,1.809559715,1.84509804,2.024485668,2.029383778,1.778874472,1.910624405,1.747411808,1.889861721,1.77815125,2.064457989,2.07371835,2.065579715,2.201943063,2.130333768,2.079904468,,,,,,,,,,,,,,,,,,,,,,,,,,,,,,,,,,,,,,,,,,,,,,,,,,,,,,,,,,,,,,,,,,,,,,,,,,,,,,,,,,,,,,,,,,,,,,,,,,,,,,,,,,,,,,,,,,,,,,,,,,,,,,,,,,,,,,,,,,,,,,,,,,,,,,,,,,,,,,,,,,,,,,,,,,,,,,,,,,,,,,
,,-,,,,,,,,,0.242187325,0.206411779,0.420027539,0.258278015,0.220947723,0.219082533,0.530996636,0.339294496,0.241908544,0.260285028,0.208883772,0.367049796,0.150980538,0.263857893,0.538639293,0.536849687,0.347655208,0.227120978,0.258195269,0.227978007,0.425968732,0.230222785,0.415668776,0.282719788,0.435935327,0.265235902,0.252096663,0.223899731,0.164810249,0.401435355,0.250824681,,,,,,,,,,,,,,,,,,,,,,,,,,,,,,,,,,,,,,,,,,,,,,,,,,,,,,,,,,,,,,,,,,,,,,,,,,,,,,,,,,,,,,,,,,,,,,,,,,,,,,,,,,,,,,,,,,,,,,,,,,,,,,,,,,,,,,,,,,,,,,,,,,,,,,,,,,,,,,,,,,,,,,,,,,,,,,,,,,,,,,
,2006,,,,,,,,,,,,,,,,,,,,,,,,,,,,,,,,,,,,,,,,,,,,,,,,,,,,,,,,,,,,,,,,,,,,,,,,,,,,,,,,,,,,,,,,,,,,,,,,,,,,,,,,,,,,,,,,,,,,,,,,,,,,,,,,,,,,,,,,,,,,,,,,,,,,,,,,,,,,,,,,,,,,,,,,,,,,,,,,,,,,,,,,,,,,,,,,,,,,,,,,,,,,,,,,,,,,,,,,,,,,,,
,,-,,,,,,,,,23600,27900,9000,18900,29300,27300,15600,34400,21800,24800,25600,13700,24700,22000,12500,13600,14900,18600,31000,29800,12300,18700,9100,20700,15000,27000,29100,28900,29200,43800,33000,,,,,,,,,,,,,,,,,,,,,,,,,,,,,,,,,,,,,,,,,,,,,,,,,,,,,,,,,,,,,,,,,,,,,,,,,,,,,,,,,,,,,,,,,,,,,,,,,,,,,,,,,,,,,,,,,,,,,,,,,,,,,,,,,,,,,,,,,,,,,,,,,,,,,,,,,,,,,,,,,,,,,,,,,,,,,,,,,,,,,,
,,-,,,,,,,,,100,108.6,38.2,60.9,137.3,103,64,121.1,86,90.5,111,65.5,102.5,88.8,57.6,54.1,59.8,69.1,106.8,105.4,58.2,81.4,50,74.8,55.2,116.9,120.7,113.1,150.2,132.8,129.7,,,,,,,,,,,,,,,,,,,,,,,,,,,,,,,,,,,,,,,,,,,,,,,,,,,,,,,,,,,,,,,,,,,,,,,,,,,,,,,,,,,,,,,,,,,,,,,,,,,,,,,,,,,,,,,,,,,,,,,,,,,,,,,,,,,,,,,,,,,,,,,,,,,,,,,,,,,,,,,,,,,,,,,,,,,,,,,,,,,,,,
,,-,,,,,,,,,4.372912003,4.445604203,3.954242509,4.276461804,4.46686762,4.436162647,4.193124598,4.536558443,4.338456494,4.394451681,4.408239965,4.136720567,4.392696953,4.342422681,4.096910013,4.133538908,4.173186268,4.269512944,4.491361694,4.474216264,4.089905111,4.271841607,3.959041392,4.315970345,4.176091259,4.431363764,4.463892989,4.460897843,4.465382851,4.641474111,4.51851394,,,,,,,,,,,,,,,,,,,,,,,,,,,,,,,,,,,,,,,,,,,,,,,,,,,,,,,,,,,,,,,,,,,,,,,,,,,,,,,,,,,,,,,,,,,,,,,,,,,,,,,,,,,,,,,,,,,,,,,,,,,,,,,,,,,,,,,,,,,,,,,,,,,,,,,,,,,,,,,,,,,,,,,,,,,,,,,,,,,,,,
,,-,,,,,,,,,2,2.035829825,1.582063363,1.784617293,2.137670537,2.012837225,1.806179974,2.083144143,1.934498451,1.956648579,2.045322979,1.8162413,2.010723865,1.948412966,1.760422483,1.733197265,1.776701184,1.839478047,2.028571253,2.022840611,1.764922985,1.910624405,1.698970004,1.873901598,1.741939078,2.067814511,2.08170727,2.053462605,2.176669933,2.123198075,2.112939976,,,,,,,,,,,,,,,,,,,,,,,,,,,,,,,,,,,,,,,,,,,,,,,,,,,,,,,,,,,,,,,,,,,,,,,,,,,,,,,,,,,,,,,,,,,,,,,,,,,,,,,,,,,,,,,,,,,,,,,,,,,,,,,,,,,,,,,,,,,,,,,,,,,,,,,,,,,,,,,,,,,,,,,,,,,,,,,,,,,,,,
,,-,,,,,,,,,0.242187325,0.206411779,0.420027539,0.258278015,0.220947723,0.219082533,0.530996636,0.339294496,0.241908544,0.260285028,0.208883772,0.367049796,0.150980538,0.263857893,0.538639293,0.536849687,0.347655208,0.227120978,0.258195269,0.227978007,0.425968732,0.230222785,0.415668776,0.282719788,0.435935327,0.265235902,0.252096663,0.223899731,0.164810249,0.401435355,0.250824681,,,,,,,,,,,,,,,,,,,,,,,,,,,,,,,,,,,,,,,,,,,,,,,,,,,,,,,,,,,,,,,,,,,,,,,,,,,,,,,,,,,,,,,,,,,,,,,,,,,,,,,,,,,,,,,,,,,,,,,,,,,,,,,,,,,,,,,,,,,,,,,,,,,,,,,,,,,,,,,,,,,,,,,,,,,,,,,,,,,,,,
,2005,,,,,,,,,,,,,,,,,,,,,,,,,,,,,,,,,,,,,,,,,,,,,,,,,,,,,,,,,,,,,,,,,,,,,,,,,,,,,,,,,,,,,,,,,,,,,,,,,,,,,,,,,,,,,,,,,,,,,,,,,,,,,,,,,,,,,,,,,,,,,,,,,,,,,,,,,,,,,,,,,,,,,,,,,,,,,,,,,,,,,,,,,,,,,,,,,,,,,,,,,,,,,,,,,,,,,,,,,,,,,,
,,-,,,,,,,,,22500,27000,8200,17800,27800,26100,13800,32500,20400,22900,24700,12800,23700,20900,11100,12300,14200,18000,29400,28200,11500,17900,7900,19600,13500,25700,27400,27900,29300,39900,30700,,,,,,,,,,,,,,,,,,,,,,,,,,,,,,,,,,,,,,,,,,,,,,,,,,,,,,,,,,,,,,,,,,,,,,,,,,,,,,,,,,,,,,,,,,,,,,,,,,,,,,,,,,,,,,,,,,,,,,,,,,,,,,,,,,,,,,,,,,,,,,,,,,,,,,,,,,,,,,,,,,,,,,,,,,,,,,,,,,,,,,
,,-,,,,,,,,,100,107.6,36.7,57.5,137.9,103.7,60.1,120.9,85.4,91.5,110.5,63.3,103.7,88.4,51.9,51.5,62,67.8,107.2,106.1,55.6,81.9,47,73.2,52.9,116.9,120.9,111.3,151.5,132.9,134.7,,,,,,,,,,,,,,,,,,,,,,,,,,,,,,,,,,,,,,,,,,,,,,,,,,,,,,,,,,,,,,,,,,,,,,,,,,,,,,,,,,,,,,,,,,,,,,,,,,,,,,,,,,,,,,,,,,,,,,,,,,,,,,,,,,,,,,,,,,,,,,,,,,,,,,,,,,,,,,,,,,,,,,,,,,,,,,,,,,,,,,
,,-,,,,,,,,,4.352182518,4.431363764,3.913813852,4.250420002,4.444044796,4.416640507,4.139879086,4.511883361,4.309630167,4.359835482,4.392696953,4.10720997,4.374748346,4.320146286,4.045322979,4.089905111,4.152288344,4.255272505,4.46834733,4.450249108,4.06069784,4.252853031,3.897627091,4.292256071,4.130333768,4.409933123,4.437750563,4.445604203,4.46686762,4.600972896,4.487138375,,,,,,,,,,,,,,,,,,,,,,,,,,,,,,,,,,,,,,,,,,,,,,,,,,,,,,,,,,,,,,,,,,,,,,,,,,,,,,,,,,,,,,,,,,,,,,,,,,,,,,,,,,,,,,,,,,,,,,,,,,,,,,,,,,,,,,,,,,,,,,,,,,,,,,,,,,,,,,,,,,,,,,,,,,,,,,,,,,,,,,
,,-,,,,,,,,,2,2.031812271,1.564666064,1.759667845,2.139564266,2.015778756,1.778874472,2.082426301,1.931457871,1.961421094,2.043362278,1.80140371,2.015778756,1.946452265,1.715167358,1.711807229,1.792391689,1.831229694,2.030194785,2.025715384,1.745074792,1.913283902,1.672097858,1.864511081,1.723455672,2.067814511,2.082426301,2.046495164,2.180412633,2.123524981,2.129367596,,,,,,,,,,,,,,,,,,,,,,,,,,,,,,,,,,,,,,,,,,,,,,,,,,,,,,,,,,,,,,,,,,,,,,,,,,,,,,,,,,,,,,,,,,,,,,,,,,,,,,,,,,,,,,,,,,,,,,,,,,,,,,,,,,,,,,,,,,,,,,,,,,,,,,,,,,,,,,,,,,,,,,,,,,,,,,,,,,,,,,
,,-,,,,,,,,,0.242187325,0.206411779,0.420027539,0.258278015,0.220947723,0.219082533,0.530996636,0.339294496,0.241908544,0.260285028,0.208883772,0.367049796,0.150980538,0.263857893,0.538639293,0.536849687,0.347655208,0.227120978,0.258195269,0.227978007,0.425968732,0.230222785,0.415668776,0.282719788,0.435935327,0.265235902,0.252096663,0.223899731,0.164810249,0.401435355,0.250824681,,,,,,,,,,,,,,,,,,,,,,,,,,,,,,,,,,,,,,,,,,,,,,,,,,,,,,,,,,,,,,,,,,,,,,,,,,,,,,,,,,,,,,,,,,,,,,,,,,,,,,,,,,,,,,,,,,,,,,,,,,,,,,,,,,,,,,,,,,,,,,,,,,,,,,,,,,,,,,,,,,,,,,,,,,,,,,,,,,,,,,
,2004,,,,,,,,,,,,,,,,,,,,,,,,,,,,,,,,,,,,,,,,,,,,,,,,,,,,,,,,,,,,,,,,,,,,,,,,,,,,,,,,,,,,,,,,,,,,,,,,,,,,,,,,,,,,,,,,,,,,,,,,,,,,,,,,,,,,,,,,,,,,,,,,,,,,,,,,,,,,,,,,,,,,,,,,,,,,,,,,,,,,,,,,,,,,,,,,,,,,,,,,,,,,,,,,,,,,,,,,,,,,,,
,,-,,,,,,,,,21600,26300,7500,16900,27200,25000,12400,30900,20300,21900,23700,12200,23200,19700,10100,11200,13600,17300,28000,27700,11000,16700,7400,18800,12300,25200,27400,27000,28400,35800,30000,,,,,,,,,,,,,,,,,,,,,,,,,,,,,,,,,,,,,,,,,,,,,,,,,,,,,,,,,,,,,,,,,,,,,,,,,,,,,,,,,,,,,,,,,,,,,,,,,,,,,,,,,,,,,,,,,,,,,,,,,,,,,,,,,,,,,,,,,,,,,,,,,,,,,,,,,,,,,,,,,,,,,,,,,,,,,,,,,,,,,,
,,-,,,,,,,,,100,106.6,35.1,53.3,134.4,106.6,57.8,119.7,82.7,90.3,111.8,61.2,103.8,88.2,49,48.5,59.7,67.6,108.1,104,48.9,85.2,38.2,72.8,51.3,116,118.7,110.9,128.6,127.7,135.1,,,,,,,,,,,,,,,,,,,,,,,,,,,,,,,,,,,,,,,,,,,,,,,,,,,,,,,,,,,,,,,,,,,,,,,,,,,,,,,,,,,,,,,,,,,,,,,,,,,,,,,,,,,,,,,,,,,,,,,,,,,,,,,,,,,,,,,,,,,,,,,,,,,,,,,,,,,,,,,,,,,,,,,,,,,,,,,,,,,,,,
,,-,,,,,,,,,4.334453751,4.419955748,3.875061263,4.227886705,4.434568904,4.397940009,4.093421685,4.489958479,4.307496038,4.340444115,4.374748346,4.086359831,4.365487985,4.294466226,4.004321374,4.049218023,4.133538908,4.238046103,4.447158031,4.442479769,4.041392685,4.222716471,3.86923172,4.274157849,4.089905111,4.401400541,4.437750563,4.431363764,4.45331834,4.553883027,4.477121255,,,,,,,,,,,,,,,,,,,,,,,,,,,,,,,,,,,,,,,,,,,,,,,,,,,,,,,,,,,,,,,,,,,,,,,,,,,,,,,,,,,,,,,,,,,,,,,,,,,,,,,,,,,,,,,,,,,,,,,,,,,,,,,,,,,,,,,,,,,,,,,,,,,,,,,,,,,,,,,,,,,,,,,,,,,,,,,,,,,,,,
,,-,,,,,,,,,2,2.027757205,1.545307116,1.726727209,2.128399269,2.027757205,1.761927838,2.07809415,1.91750551,1.95568775,2.048441804,1.786751422,2.016197354,1.945468585,1.69019608,1.685741739,1.775974331,1.829946696,2.033825694,2.017033339,1.689308859,1.930439595,1.582063363,1.862131379,1.710117365,2.064457989,2.074450719,2.044931546,2.109240969,2.106190897,2.130655349,,,,,,,,,,,,,,,,,,,,,,,,,,,,,,,,,,,,,,,,,,,,,,,,,,,,,,,,,,,,,,,,,,,,,,,,,,,,,,,,,,,,,,,,,,,,,,,,,,,,,,,,,,,,,,,,,,,,,,,,,,,,,,,,,,,,,,,,,,,,,,,,,,,,,,,,,,,,,,,,,,,,,,,,,,,,,,,,,,,,,,
,,-,,,,,,,,,0.242187325,0.206411779,0.420027539,0.258278015,0.220947723,0.219082533,0.530996636,0.339294496,0.241908544,0.260285028,0.208883772,0.367049796,0.150980538,0.263857893,0.538639293,0.536849687,0.347655208,0.227120978,0.258195269,0.227978007,0.425968732,0.230222785,0.415668776,0.282719788,0.435935327,0.265235902,0.252096663,0.223899731,0.164810249,0.401435355,0.250824681,,,,,,,,,,,,,,,,,,,,,,,,,,,,,,,,,,,,,,,,,,,,,,,,,,,,,,,,,,,,,,,,,,,,,,,,,,,,,,,,,,,,,,,,,,,,,,,,,,,,,,,,,,,,,,,,,,,,,,,,,,,,,,,,,,,,,,,,,,,,,,,,,,,,,,,,,,,,,,,,,,,,,,,,,,,,,,,,,,,,,,
,2003,,,,,,,,,,,,,,,,,,,,,,,,,,,,,,,,,,,,,,,,,,,,,,,,,,,,,,,,,,,,,,,,,,,,,,,,,,,,,,,,,,,,,,,,,,,,,,,,,,,,,,,,,,,,,,,,,,,,,,,,,,,,,,,,,,,,,,,,,,,,,,,,,,,,,,,,,,,,,,,,,,,,,,,,,,,,,,,,,,,,,,,,,,,,,,,,,,,,,,,,,,,,,,,,,,,,,,,,,,,,,,
,,-,,,,,,,,,20700,25600,7000,15900,25700,24000,11300,29300,19200,20900,23100,11300,23000,18300,9100,10300,13000,17000,26800,26500,10100,16400,6500,17300,11500,23300,25700,25400,26000,32299,28900,,,,,,,,,,,,,,,,,,,,,,,,,,,,,,,,,,,,,,,,,,,,,,,,,,,,,,,,,,,,,,,,,,,,,,,,,,,,,,,,,,,,,,,,,,,,,,,,,,,,,,,,,,,,,,,,,,,,,,,,,,,,,,,,,,,,,,,,,,,,,,,,,,,,,,,,,,,,,,,,,,,,,,,,,,,,,,,,,,,,,,
,,-,,,,,,,,,100,104.2,33.9,52.3,136.3,108.8,57,120.3,81.7,89.3,111.2,60.2,101.3,88.7,47.9,47.1,56.4,68.5,109.9,104.9,49.6,83.7,37.4,74.7,47.8,119.8,121.3,109.8,129.3,135,138.5,,,,,,,,,,,,,,,,,,,,,,,,,,,,,,,,,,,,,,,,,,,,,,,,,,,,,,,,,,,,,,,,,,,,,,,,,,,,,,,,,,,,,,,,,,,,,,,,,,,,,,,,,,,,,,,,,,,,,,,,,,,,,,,,,,,,,,,,,,,,,,,,,,,,,,,,,,,,,,,,,,,,,,,,,,,,,,,,,,,,,,
,,-,,,,,,,,,4.315970345,4.408239965,3.84509804,4.201397124,4.409933123,4.380211242,4.053078443,4.46686762,4.283301229,4.320146286,4.36361198,4.053078443,4.361727836,4.26245109,3.959041392,4.012837225,4.113943352,4.230448921,4.428134794,4.423245874,4.004321374,4.214843848,3.812913357,4.238046103,4.06069784,4.367355921,4.409933123,4.404833717,4.414973348,4.509189076,4.460897843,,,,,,,,,,,,,,,,,,,,,,,,,,,,,,,,,,,,,,,,,,,,,,,,,,,,,,,,,,,,,,,,,,,,,,,,,,,,,,,,,,,,,,,,,,,,,,,,,,,,,,,,,,,,,,,,,,,,,,,,,,,,,,,,,,,,,,,,,,,,,,,,,,,,,,,,,,,,,,,,,,,,,,,,,,,,,,,,,,,,,,
,,-,,,,,,,,,2,2.017867719,1.530199698,1.718501689,2.134495856,2.036628895,1.755874856,2.080265627,1.912222057,1.950851459,2.046104787,1.779596491,2.005609445,1.94792362,1.680335513,1.673020907,1.751279104,1.835690571,2.040997692,2.020775488,1.695481676,1.922725458,1.572871602,1.873320602,1.679427897,2.078456818,2.083860801,2.04060234,2.111598525,2.130333768,2.141449773,,,,,,,,,,,,,,,,,,,,,,,,,,,,,,,,,,,,,,,,,,,,,,,,,,,,,,,,,,,,,,,,,,,,,,,,,,,,,,,,,,,,,,,,,,,,,,,,,,,,,,,,,,,,,,,,,,,,,,,,,,,,,,,,,,,,,,,,,,,,,,,,,,,,,,,,,,,,,,,,,,,,,,,,,,,,,,,,,,,,,,
,,-,,,,,,,,,0.242187325,0.206411779,0.420027539,0.258278015,0.220947723,0.219082533,0.530996636,0.339294496,0.241908544,0.260285028,0.208883772,0.367049796,0.150980538,0.263857893,0.538639293,0.536849687,0.347655208,0.227120978,0.258195269,0.227978007,0.425968732,0.230222785,0.415668776,0.282719788,0.435935327,0.265235902,0.252096663,0.223899731,0.164810249,0.401435355,0.250824681,,,,,,,,,,,,,,,,,,,,,,,,,,,,,,,,,,,,,,,,,,,,,,,,,,,,,,,,,,,,,,,,,,,,,,,,,,,,,,,,,,,,,,,,,,,,,,,,,,,,,,,,,,,,,,,,,,,,,,,,,,,,,,,,,,,,,,,,,,,,,,,,,,,,,,,,,,,,,,,,,,,,,,,,,,,,,,,,,,,,,,
,2002,,,,,,,,,,,,,,,,,,,,,,,,,,,,,,,,,,,,,,,,,,,,,,,,,,,,,,,,,,,,,,,,,,,,,,,,,,,,,,,,,,,,,,,,,,,,,,,,,,,,,,,,,,,,,,,,,,,,,,,,,,,,,,,,,,,,,,,,,,,,,,,,,,,,,,,,,,,,,,,,,,,,,,,,,,,,,,,,,,,,,,,,,,,,,,,,,,,,,,,,,,,,,,,,,,,,,,,,,,,,,,
,,-,,,,,,,,,20400,25700,6500,15000,26300,23400,10200,28300,18400,20600,23600,10700,23000,18100,8400,9100,12500,16900,27300,26000,9900,16400,6000,16900,11100,23500,25000,24800,26600,31600,29300,,,,,,,,,,,,,,,,,,,,,,,,,,,,,,,,,,,,,,,,,,,,,,,,,,,,,,,,,,,,,,,,,,,,,,,,,,,,,,,,,,,,,,,,,,,,,,,,,,,,,,,,,,,,,,,,,,,,,,,,,,,,,,,,,,,,,,,,,,,,,,,,,,,,,,,,,,,,,,,,,,,,,,,,,,,,,,,,,,,,,,
,,-,,,,,,,,,100,101.5,33.5,54.5,131,110.4,56,117.7,77.4,86,106.1,59.2,99.1,86.3,50.4,48.1,55.4,69.8,105.8,105,55.6,83,37.1,73.2,43.7,117.6,119.7,117,124.3,142.3,141.6,,,,,,,,,,,,,,,,,,,,,,,,,,,,,,,,,,,,,,,,,,,,,,,,,,,,,,,,,,,,,,,,,,,,,,,,,,,,,,,,,,,,,,,,,,,,,,,,,,,,,,,,,,,,,,,,,,,,,,,,,,,,,,,,,,,,,,,,,,,,,,,,,,,,,,,,,,,,,,,,,,,,,,,,,,,,,,,,,,,,,,
,,-,,,,,,,,,4.309630167,4.409933123,3.812913357,4.176091259,4.419955748,4.369215857,4.008600172,4.451786436,4.264817823,4.31386722,4.372912003,4.029383778,4.361727836,4.257678575,3.924279286,3.959041392,4.096910013,4.227886705,4.436162647,4.414973348,3.995635195,4.214843848,3.77815125,4.227886705,4.045322979,4.371067862,4.397940009,4.394451681,4.424881637,4.499687083,4.46686762,,,,,,,,,,,,,,,,,,,,,,,,,,,,,,,,,,,,,,,,,,,,,,,,,,,,,,,,,,,,,,,,,,,,,,,,,,,,,,,,,,,,,,,,,,,,,,,,,,,,,,,,,,,,,,,,,,,,,,,,,,,,,,,,,,,,,,,,,,,,,,,,,,,,,,,,,,,,,,,,,,,,,,,,,,,,,,,,,,,,,,
,,-,,,,,,,,,2,2.006466042,1.525044807,1.736396502,2.117271296,2.042969073,1.748188027,2.070776463,1.888740961,1.934498451,2.025715384,1.772321707,1.996073654,1.936010796,1.702430536,1.682145076,1.743509765,1.843855423,2.024485668,2.021189299,1.745074792,1.919078092,1.56937391,1.864511081,1.640481437,2.070407322,2.07809415,2.068185862,2.094471129,2.1532049,2.151063253,,,,,,,,,,,,,,,,,,,,,,,,,,,,,,,,,,,,,,,,,,,,,,,,,,,,,,,,,,,,,,,,,,,,,,,,,,,,,,,,,,,,,,,,,,,,,,,,,,,,,,,,,,,,,,,,,,,,,,,,,,,,,,,,,,,,,,,,,,,,,,,,,,,,,,,,,,,,,,,,,,,,,,,,,,,,,,,,,,,,,,
,,-,,,,,,,,,0.242187325,0.206411779,0.420027539,0.258278015,0.220947723,0.219082533,0.530996636,0.339294496,0.241908544,0.260285028,0.208883772,0.367049796,0.150980538,0.263857893,0.538639293,0.536849687,0.347655208,0.227120978,0.258195269,0.227978007,0.425968732,0.230222785,0.415668776,0.282719788,0.435935327,0.265235902,0.252096663,0.223899731,0.164810249,0.401435355,0.250824681,,,,,,,,,,,,,,,,,,,,,,,,,,,,,,,,,,,,,,,,,,,,,,,,,,,,,,,,,,,,,,,,,,,,,,,,,,,,,,,,,,,,,,,,,,,,,,,,,,,,,,,,,,,,,,,,,,,,,,,,,,,,,,,,,,,,,,,,,,,,,,,,,,,,,,,,,,,,,,,,,,,,,,,,,,,,,,,,,,,,,,
,2001,,,,,,,,,,,,,,,,,,,,,,,,,,,,,,,,,,,,,,,,,,,,,,,,,,,,,,,,,,,,,,,,,,,,,,,,,,,,,,,,,,,,,,,,,,,,,,,,,,,,,,,,,,,,,,,,,,,,,,,,,,,,,,,,,,,,,,,,,,,,,,,,,,,,,,,,,,,,,,,,,,,,,,,,,,,,,,,,,,,,,,,,,,,,,,,,,,,,,,,,,,,,,,,,,,,,,,,,,,,,,,
,,-,,,,,,,,,19700,24500,5900,14500,25300,22900,9200,26300,17100,19400,22800,10000,23400,17800,7600,8300,11500,16100,26400,24900,9400,15900,5500,15800,10400,22800,24200,23900,26100,31800,28400,,,,,,,,,,,,,,,,,,,,,,,,,,,,,,,,,,,,,,,,,,,,,,,,,,,,,,,,,,,,,,,,,,,,,,,,,,,,,,,,,,,,,,,,,,,,,,,,,,,,,,,,,,,,,,,,,,,,,,,,,,,,,,,,,,,,,,,,,,,,,,,,,,,,,,,,,,,,,,,,,,,,,,,,,,,,,,,,,,,,,,
,,-,,,,,,,,,100,103.4,33.5,48.7,132.6,111.5,55.6,115.9,78.3,86.3,107.2,57.9,94.3,85.8,51.8,47.6,50.3,71.2,105.8,107.1,59.1,82.3,36.9,72.5,42.4,118.1,117.9,117.6,118.7,133.1,142.1,,,,,,,,,,,,,,,,,,,,,,,,,,,,,,,,,,,,,,,,,,,,,,,,,,,,,,,,,,,,,,,,,,,,,,,,,,,,,,,,,,,,,,,,,,,,,,,,,,,,,,,,,,,,,,,,,,,,,,,,,,,,,,,,,,,,,,,,,,,,,,,,,,,,,,,,,,,,,,,,,,,,,,,,,,,,,,,,,,,,,,
,,-,,,,,,,,,4.294466226,4.389166084,3.770852012,4.161368002,4.403120521,4.359835482,3.963787827,4.419955748,4.23299611,4.28780173,4.357934847,4,4.369215857,4.250420002,3.880813592,3.919078092,4.06069784,4.206825876,4.421603927,4.396199347,3.973127854,4.201397124,3.740362689,4.198657087,4.017033339,4.357934847,4.383815366,4.378397901,4.416640507,4.50242712,4.45331834,,,,,,,,,,,,,,,,,,,,,,,,,,,,,,,,,,,,,,,,,,,,,,,,,,,,,,,,,,,,,,,,,,,,,,,,,,,,,,,,,,,,,,,,,,,,,,,,,,,,,,,,,,,,,,,,,,,,,,,,,,,,,,,,,,,,,,,,,,,,,,,,,,,,,,,,,,,,,,,,,,,,,,,,,,,,,,,,,,,,,,
,,-,,,,,,,,,2,2.014520539,1.525044807,1.687528961,2.122543524,2.047274867,1.745074792,2.064083436,1.893761762,1.936010796,2.030194785,1.762678564,1.974511693,1.933487288,1.71432976,1.677606953,1.701567985,1.852479994,2.024485668,2.029789471,1.771587481,1.915399835,1.567026366,1.860338007,1.627365857,2.072249898,2.071513805,2.070407322,2.074450719,2.124178055,2.152594078,,,,,,,,,,,,,,,,,,,,,,,,,,,,,,,,,,,,,,,,,,,,,,,,,,,,,,,,,,,,,,,,,,,,,,,,,,,,,,,,,,,,,,,,,,,,,,,,,,,,,,,,,,,,,,,,,,,,,,,,,,,,,,,,,,,,,,,,,,,,,,,,,,,,,,,,,,,,,,,,,,,,,,,,,,,,,,,,,,,,,,
,,-,,,,,,,,,0.242187325,0.206411779,0.420027539,0.258278015,0.220947723,0.219082533,0.530996636,0.339294496,0.241908544,0.260285028,0.208883772,0.367049796,0.150980538,0.263857893,0.538639293,0.536849687,0.347655208,0.227120978,0.258195269,0.227978007,0.425968732,0.230222785,0.415668776,0.282719788,0.435935327,0.265235902,0.252096663,0.223899731,0.164810249,0.401435355,0.250824681,,,,,,,,,,,,,,,,,,,,,,,,,,,,,,,,,,,,,,,,,,,,,,,,,,,,,,,,,,,,,,,,,,,,,,,,,,,,,,,,,,,,,,,,,,,,,,,,,,,,,,,,,,,,,,,,,,,,,,,,,,,,,,,,,,,,,,,,,,,,,,,,,,,,,,,,,,,,,,,,,,,,,,,,,,,,,,,,,,,,,,
,2000,,,,,,,,,,,,,,,,,,,,,,,,,,,,,,,,,,,,,,,,,,,,,,,,,,,,,,,,,,,,,,,,,,,,,,,,,,,,,,,,,,,,,,,,,,,,,,,,,,,,,,,,,,,,,,,,,,,,,,,,,,,,,,,,,,,,,,,,,,,,,,,,,,,,,,,,,,,,,,,,,,,,,,,,,,,,,,,,,,,,,,,,,,,,,,,,,,,,,,,,,,,,,,,,,,,,,,,,,,,,,,
,,-,,,,,,,,,19000,24000,5400,13500,25100,22400,8600,25100,16000,18500,21900,9500,22400,16700,7000,7500,10300,16500,25600,25100,9200,15500,5000,15300,9500,22300,24300,22900,25100,31400,28200,,,,,,,,,,,,,,,,,,,,,,,,,,,,,,,,,,,,,,,,,,,,,,,,,,,,,,,,,,,,,,,,,,,,,,,,,,,,,,,,,,,,,,,,,,,,,,,,,,,,,,,,,,,,,,,,,,,,,,,,,,,,,,,,,,,,,,,,,,,,,,,,,,,,,,,,,,,,,,,,,,,,,,,,,,,,,,,,,,,,,,
,,-,,,,,,,,,100,102.7,31.8,46,130,111.4,52.4,110.8,79.1,84.6,108.2,55.6,94.2,86.1,51.3,47.3,47.8,68.1,102.9,103.7,52.9,80.6,36.6,71.1,42.8,114.6,124.6,120.2,133.9,129.7,136.9,,,,,,,,,,,,,,,,,,,,,,,,,,,,,,,,,,,,,,,,,,,,,,,,,,,,,,,,,,,,,,,,,,,,,,,,,,,,,,,,,,,,,,,,,,,,,,,,,,,,,,,,,,,,,,,,,,,,,,,,,,,,,,,,,,,,,,,,,,,,,,,,,,,,,,,,,,,,,,,,,,,,,,,,,,,,,,,,,,,,,,
,,-,,,,,,,,,4.278753601,4.380211242,3.73239376,4.130333768,4.399673721,4.350248018,3.934498451,4.399673721,4.204119983,4.267171728,4.340444115,3.977723605,4.350248018,4.222716471,3.84509804,3.875061263,4.012837225,4.217483944,4.408239965,4.399673721,3.963787827,4.190331698,3.698970004,4.184691431,3.977723605,4.348304863,4.385606274,4.359835482,4.399673721,4.496929648,4.450249108,,,,,,,,,,,,,,,,,,,,,,,,,,,,,,,,,,,,,,,,,,,,,,,,,,,,,,,,,,,,,,,,,,,,,,,,,,,,,,,,,,,,,,,,,,,,,,,,,,,,,,,,,,,,,,,,,,,,,,,,,,,,,,,,,,,,,,,,,,,,,,,,,,,,,,,,,,,,,,,,,,,,,,,,,,,,,,,,,,,,,,
,,-,,,,,,,,,2,2.011570444,1.50242712,1.662757832,2.113943352,2.046885191,1.719331287,2.04453976,1.898176483,1.927370363,2.034227261,1.745074792,1.974050903,1.935003151,1.710117365,1.674861141,1.679427897,1.833147112,2.012415375,2.015778756,1.723455672,1.906335042,1.563481085,1.851869601,1.631443769,2.059184618,2.095518042,2.079904468,2.126780577,2.112939976,2.136403448,,,,,,,,,,,,,,,,,,,,,,,,,,,,,,,,,,,,,,,,,,,,,,,,,,,,,,,,,,,,,,,,,,,,,,,,,,,,,,,,,,,,,,,,,,,,,,,,,,,,,,,,,,,,,,,,,,,,,,,,,,,,,,,,,,,,,,,,,,,,,,,,,,,,,,,,,,,,,,,,,,,,,,,,,,,,,,,,,,,,,,
,,-,,,,,,,,,0.242187325,0.206411779,0.420027539,0.258278015,0.220947723,0.219082533,0.530996636,0.339294496,0.241908544,0.260285028,0.208883772,0.367049796,0.150980538,0.263857893,0.538639293,0.536849687,0.347655208,0.227120978,0.258195269,0.227978007,0.425968732,0.230222785,0.415668776,0.282719788,0.435935327,0.265235902,0.252096663,0.223899731,0.164810249,0.401435355,0.250824681,,,,,,,,,,,,,,,,,,,,,,,,,,,,,,,,,,,,,,,,,,,,,,,,,,,,,,,,,,,,,,,,,,,,,,,,,,,,,,,,,,,,,,,,,,,,,,,,,,,,,,,,,,,,,,,,,,,,,,,,,,,,,,,,,,,,,,,,,,,,,,,,,,,,,,,,,,,,,,,,,,,,,,,,,,,,,,,,,,,,,,
,1999,,,,,,,,,,,,,,,,,,,,,,,,,,,,,,,,,,,,,,,,,,,,,,,,,,,,,,,,,,,,,,,,,,,,,,,,,,,,,,,,,,,,,,,,,,,,,,,,,,,,,,,,,,,,,,,,,,,,,,,,,,,,,,,,,,,,,,,,,,,,,,,,,,,,,,,,,,,,,,,,,,,,,,,,,,,,,,,,,,,,,,,,,,,,,,,,,,,,,,,,,,,,,,,,,,,,,,,,,,,,,,
,,-,,,,,,,,,17800,21900,4900,12800,23300,21600,7600,22500,13200,17100,20400,8600,21100,15500,6500,6900,9600,14900,23300,23500,8600,14500,4700,14400,9000,20400,22500,21200,24800,25800,26500,,,,,,,,,,,,,,,,,,,,,,,,,,,,,,,,,,,,,,,,,,,,,,,,,,,,,,,,,,,,,,,,,,,,,,,,,,,,,,,,,,,,,,,,,,,,,,,,,,,,,,,,,,,,,,,,,,,,,,,,,,,,,,,,,,,,,,,,,,,,,,,,,,,,,,,,,,,,,,,,,,,,,,,,,,,,,,,,,,,,,,
,,-,,,,,,,,,100,106.7,30.9,44.4,131.9,112.9,51.4,107.7,82.4,84.8,111.2,55.2,94.8,85.9,44.5,42.2,46.3,65.6,105,106.2,47.7,80.7,32.2,72.9,39.6,116.1,122.2,114.7,119.6,130,135.5,,,,,,,,,,,,,,,,,,,,,,,,,,,,,,,,,,,,,,,,,,,,,,,,,,,,,,,,,,,,,,,,,,,,,,,,,,,,,,,,,,,,,,,,,,,,,,,,,,,,,,,,,,,,,,,,,,,,,,,,,,,,,,,,,,,,,,,,,,,,,,,,,,,,,,,,,,,,,,,,,,,,,,,,,,,,,,,,,,,,,,
,,-,,,,,,,,,4.250420002,4.340444115,3.69019608,4.10720997,4.367355921,4.334453751,3.880813592,4.352182518,4.120573931,4.23299611,4.309630167,3.934498451,4.324282455,4.190331698,3.812913357,3.838849091,3.982271233,4.173186268,4.367355921,4.371067862,3.934498451,4.161368002,3.672097858,4.158362492,3.954242509,4.309630167,4.352182518,4.326335861,4.394451681,4.411619706,4.423245874,,,,,,,,,,,,,,,,,,,,,,,,,,,,,,,,,,,,,,,,,,,,,,,,,,,,,,,,,,,,,,,,,,,,,,,,,,,,,,,,,,,,,,,,,,,,,,,,,,,,,,,,,,,,,,,,,,,,,,,,,,,,,,,,,,,,,,,,,,,,,,,,,,,,,,,,,,,,,,,,,,,,,,,,,,,,,,,,,,,,,,
,,-,,,,,,,,,2,2.028164419,1.489958479,1.64738297,2.120244796,2.052693942,1.710963119,2.032215703,1.915927212,1.928395852,2.046104787,1.741939078,1.976808337,1.933993164,1.648360011,1.625312451,1.665580991,1.816903839,2.021189299,2.026124517,1.678518379,1.906873535,1.507855872,1.862727528,1.597695186,2.06483222,2.087071206,2.059563418,2.07773118,2.113943352,2.131939295,,,,,,,,,,,,,,,,,,,,,,,,,,,,,,,,,,,,,,,,,,,,,,,,,,,,,,,,,,,,,,,,,,,,,,,,,,,,,,,,,,,,,,,,,,,,,,,,,,,,,,,,,,,,,,,,,,,,,,,,,,,,,,,,,,,,,,,,,,,,,,,,,,,,,,,,,,,,,,,,,,,,,,,,,,,,,,,,,,,,,,
,,-,,,,,,,,,0.242187325,0.206411779,0.420027539,0.258278015,0.220947723,0.219082533,0.530996636,0.339294496,0.241908544,0.260285028,0.208883772,0.367049796,0.150980538,0.263857893,0.538639293,0.536849687,0.347655208,0.227120978,0.258195269,0.227978007,0.425968732,0.230222785,0.415668776,0.282719788,0.435935327,0.265235902,0.252096663,0.223899731,0.164810249,0.401435355,0.250824681,,,,,,,,,,,,,,,,,,,,,,,,,,,,,,,,,,,,,,,,,,,,,,,,,,,,,,,,,,,,,,,,,,,,,,,,,,,,,,,,,,,,,,,,,,,,,,,,,,,,,,,,,,,,,,,,,,,,,,,,,,,,,,,,,,,,,,,,,,,,,,,,,,,,,,,,,,,,,,,,,,,,,,,,,,,,,,,,,,,,,,
,1998,,,,,,,,,,,,,,,,,,,,,,,,,,,,,,,,,,,,,,,,,,,,,,,,,,,,,,,,,,,,,,,,,,,,,,,,,,,,,,,,,,,,,,,,,,,,,,,,,,,,,,,,,,,,,,,,,,,,,,,,,,,,,,,,,,,,,,,,,,,,,,,,,,,,,,,,,,,,,,,,,,,,,,,,,,,,,,,,,,,,,,,,,,,,,,,,,,,,,,,,,,,,,,,,,,,,,,,,,,,,,,
,,-,,,,,,,,,17000,20900,4700,12300,22400,20700,7200,20500,12600,16200,19500,8600,20400,14600,6200,6900,9100,14100,21800,22400,8100,13500,4500,13400,8800,19300,20900,20300,23800,23500,25800,,,,,,,,,,,,,,,,,,,,,,,,,,,,,,,,,,,,,,,,,,,,,,,,,,,,,,,,,,,,,,,,,,,,,,,,,,,,,,,,,,,,,,,,,,,,,,,,,,,,,,,,,,,,,,,,,,,,,,,,,,,,,,,,,,,,,,,,,,,,,,,,,,,,,,,,,,,,,,,,,,,,,,,,,,,,,,,,,,,,,,
,,-,,,,,,,,,100,107.4,30.2,45.1,130.9,114.8,49.9,103.3,79.8,83.7,112.4,57.7,94.2,85.6,41.4,41.3,45.8,64.8,105.2,106.6,49.5,80.6,36.4,73.1,41.9,116.6,122.9,111.5,113.3,129.7,135.5,,,,,,,,,,,,,,,,,,,,,,,,,,,,,,,,,,,,,,,,,,,,,,,,,,,,,,,,,,,,,,,,,,,,,,,,,,,,,,,,,,,,,,,,,,,,,,,,,,,,,,,,,,,,,,,,,,,,,,,,,,,,,,,,,,,,,,,,,,,,,,,,,,,,,,,,,,,,,,,,,,,,,,,,,,,,,,,,,,,,,,
,,-,,,,,,,,,4.230448921,4.320146286,3.672097858,4.089905111,4.350248018,4.315970345,3.857332496,4.311753861,4.100370545,4.209515015,4.290034611,3.934498451,4.309630167,4.164352856,3.792391689,3.838849091,3.959041392,4.149219113,4.338456494,4.350248018,3.908485019,4.130333768,3.653212514,4.127104798,3.944482672,4.285557309,4.320146286,4.307496038,4.376576957,4.371067862,4.411619706,,,,,,,,,,,,,,,,,,,,,,,,,,,,,,,,,,,,,,,,,,,,,,,,,,,,,,,,,,,,,,,,,,,,,,,,,,,,,,,,,,,,,,,,,,,,,,,,,,,,,,,,,,,,,,,,,,,,,,,,,,,,,,,,,,,,,,,,,,,,,,,,,,,,,,,,,,,,,,,,,,,,,,,,,,,,,,,,,,,,,,
,,-,,,,,,,,,2,2.031004281,1.480006943,1.654176542,2.116939647,2.059941888,1.698100546,2.014100322,1.902002891,1.922725458,2.050766311,1.761175813,1.974050903,1.932473765,1.617000341,1.615950052,1.660865478,1.811575006,2.02201574,2.027757205,1.694605199,1.906335042,1.561101384,1.863917377,1.622214023,2.06669855,2.089551883,2.047274867,2.05422991,2.112939976,2.131939295,,,,,,,,,,,,,,,,,,,,,,,,,,,,,,,,,,,,,,,,,,,,,,,,,,,,,,,,,,,,,,,,,,,,,,,,,,,,,,,,,,,,,,,,,,,,,,,,,,,,,,,,,,,,,,,,,,,,,,,,,,,,,,,,,,,,,,,,,,,,,,,,,,,,,,,,,,,,,,,,,,,,,,,,,,,,,,,,,,,,,,
,,-,,,,,,,,,0.242187325,0.206411779,0.420027539,0.258278015,0.220947723,0.219082533,0.530996636,0.339294496,0.241908544,0.260285028,0.208883772,0.367049796,0.150980538,0.263857893,0.538639293,0.536849687,0.347655208,0.227120978,0.258195269,0.227978007,0.425968732,0.230222785,0.415668776,0.282719788,0.435935327,0.265235902,0.252096663,0.223899731,0.164810249,0.401435355,0.250824681,,,,,,,,,,,,,,,,,,,,,,,,,,,,,,,,,,,,,,,,,,,,,,,,,,,,,,,,,,,,,,,,,,,,,,,,,,,,,,,,,,,,,,,,,,,,,,,,,,,,,,,,,,,,,,,,,,,,,,,,,,,,,,,,,,,,,,,,,,,,,,,,,,,,,,,,,,,,,,,,,,,,,,,,,,,,,,,,,,,,,,
,1997,,,,,,,,,,,,,,,,,,,,,,,,,,,,,,,,,,,,,,,,,,,,,,,,,,,,,,,,,,,,,,,,,,,,,,,,,,,,,,,,,,,,,,,,,,,,,,,,,,,,,,,,,,,,,,,,,,,,,,,,,,,,,,,,,,,,,,,,,,,,,,,,,,,,,,,,,,,,,,,,,,,,,,,,,,,,,,,,,,,,,,,,,,,,,,,,,,,,,,,,,,,,,,,,,,,,,,,,,,,,,,
,,-,,,,,,,,,16200,20400,4200,12300,21600,20100,6800,18600,12200,15100,18600,8200,19400,13800,5600,6300,8500,13500,20600,21400,7600,12700,4800,12700,8300,17900,20100,19500,22300,23900,25100,,,,,,,,,,,,,,,,,,,,,,,,,,,,,,,,,,,,,,,,,,,,,,,,,,,,,,,,,,,,,,,,,,,,,,,,,,,,,,,,,,,,,,,,,,,,,,,,,,,,,,,,,,,,,,,,,,,,,,,,,,,,,,,,,,,,,,,,,,,,,,,,,,,,,,,,,,,,,,,,,,,,,,,,,,,,,,,,,,,,,,
,,-,,,,,,,,,100,106.4,25.9,41.5,132,115.5,46.8,105.4,81.3,84.6,113.2,55.4,96,84.3,40.5,40,47.1,64.3,106.3,107.8,47.9,79.5,29.4,71.6,42.2,118.2,126,107.5,108.5,132.8,135.1,,,,,,,,,,,,,,,,,,,,,,,,,,,,,,,,,,,,,,,,,,,,,,,,,,,,,,,,,,,,,,,,,,,,,,,,,,,,,,,,,,,,,,,,,,,,,,,,,,,,,,,,,,,,,,,,,,,,,,,,,,,,,,,,,,,,,,,,,,,,,,,,,,,,,,,,,,,,,,,,,,,,,,,,,,,,,,,,,,,,,,
,,-,,,,,,,,,4.209515015,4.309630167,3.62324929,4.089905111,4.334453751,4.303196057,3.832508913,4.269512944,4.086359831,4.178976947,4.269512944,3.913813852,4.28780173,4.139879086,3.748188027,3.799340549,3.929418926,4.130333768,4.31386722,4.330413773,3.880813592,4.103803721,3.681241237,4.103803721,3.919078092,4.252853031,4.303196057,4.290034611,4.348304863,4.378397901,4.399673721,,,,,,,,,,,,,,,,,,,,,,,,,,,,,,,,,,,,,,,,,,,,,,,,,,,,,,,,,,,,,,,,,,,,,,,,,,,,,,,,,,,,,,,,,,,,,,,,,,,,,,,,,,,,,,,,,,,,,,,,,,,,,,,,,,,,,,,,,,,,,,,,,,,,,,,,,,,,,,,,,,,,,,,,,,,,,,,,,,,,,,
,,-,,,,,,,,,2,2.026941628,1.413299764,1.618048097,2.120573931,2.062581984,1.670245853,2.022840611,1.910090546,1.927370363,2.053846427,1.743509765,1.982271233,1.925827575,1.607455023,1.602059991,1.673020907,1.808210973,2.026533265,2.032618761,1.680335513,1.900367129,1.46834733,1.854913022,1.625312451,2.072617477,2.100370545,2.031408464,2.035429738,2.123198075,2.130655349,,,,,,,,,,,,,,,,,,,,,,,,,,,,,,,,,,,,,,,,,,,,,,,,,,,,,,,,,,,,,,,,,,,,,,,,,,,,,,,,,,,,,,,,,,,,,,,,,,,,,,,,,,,,,,,,,,,,,,,,,,,,,,,,,,,,,,,,,,,,,,,,,,,,,,,,,,,,,,,,,,,,,,,,,,,,,,,,,,,,,,
,,-,,,,,,,,,0.242187325,0.206411779,0.420027539,0.258278015,0.220947723,0.219082533,0.530996636,0.339294496,0.241908544,0.260285028,0.208883772,0.367049796,0.150980538,0.263857893,0.538639293,0.536849687,0.347655208,0.227120978,0.258195269,0.227978007,0.425968732,0.230222785,0.415668776,0.282719788,0.435935327,0.265235902,0.252096663,0.223899731,0.164810249,0.401435355,0.250824681,,,,,,,,,,,,,,,,,,,,,,,,,,,,,,,,,,,,,,,,,,,,,,,,,,,,,,,,,,,,,,,,,,,,,,,,,,,,,,,,,,,,,,,,,,,,,,,,,,,,,,,,,,,,,,,,,,,,,,,,,,,,,,,,,,,,,,,,,,,,,,,,,,,,,,,,,,,,,,,,,,,,,,,,,,,,,,,,,,,,,,
,1996,,,,,,,,,,,,,,,,,,,,,,,,,,,,,,,,,,,,,,,,,,,,,,,,,,,,,,,,,,,,,,,,,,,,,,,,,,,,,,,,,,,,,,,,,,,,,,,,,,,,,,,,,,,,,,,,,,,,,,,,,,,,,,,,,,,,,,,,,,,,,,,,,,,,,,,,,,,,,,,,,,,,,,,,,,,,,,,,,,,,,,,,,,,,,,,,,,,,,,,,,,,,,,,,,,,,,,,,,,,,,,
,,-,,,,,,,,,15400,19400,3900,12100,20400,19500,5800,16700,11500,14200,17600,7600,18600,13300,5000,5700,7900,12600,19200,20700,6900,11900,5100,11700,7700,16300,19200,18100,20500,22100,23700,,,,,,,,,,,,,,,,,,,,,,,,,,,,,,,,,,,,,,,,,,,,,,,,,,,,,,,,,,,,,,,,,,,,,,,,,,,,,,,,,,,,,,,,,,,,,,,,,,,,,,,,,,,,,,,,,,,,,,,,,,,,,,,,,,,,,,,,,,,,,,,,,,,,,,,,,,,,,,,,,,,,,,,,,,,,,,,,,,,,,,
,,-,,,,,,,,,100,110.7,21.6,41,135.7,120.2,44.8,97.1,79.8,87.9,118.1,53.7,94.6,83.3,36.6,32.6,44.7,62.6,110.7,112.6,46.9,79.9,25.3,71.6,40.6,121.1,128.4,93.2,104.7,130.5,146.2,,,,,,,,,,,,,,,,,,,,,,,,,,,,,,,,,,,,,,,,,,,,,,,,,,,,,,,,,,,,,,,,,,,,,,,,,,,,,,,,,,,,,,,,,,,,,,,,,,,,,,,,,,,,,,,,,,,,,,,,,,,,,,,,,,,,,,,,,,,,,,,,,,,,,,,,,,,,,,,,,,,,,,,,,,,,,,,,,,,,,,
,,-,,,,,,,,,4.187520721,4.28780173,3.591064607,4.08278537,4.309630167,4.290034611,3.763427994,4.222716471,4.06069784,4.152288344,4.245512668,3.880813592,4.269512944,4.123851641,3.698970004,3.755874856,3.897627091,4.100370545,4.283301229,4.315970345,3.838849091,4.075546961,3.707570176,4.068185862,3.886490725,4.212187604,4.283301229,4.257678575,4.311753861,4.344392274,4.374748346,,,,,,,,,,,,,,,,,,,,,,,,,,,,,,,,,,,,,,,,,,,,,,,,,,,,,,,,,,,,,,,,,,,,,,,,,,,,,,,,,,,,,,,,,,,,,,,,,,,,,,,,,,,,,,,,,,,,,,,,,,,,,,,,,,,,,,,,,,,,,,,,,,,,,,,,,,,,,,,,,,,,,,,,,,,,,,,,,,,,,,
,,-,,,,,,,,,2,2.044147621,1.334453751,1.612783857,2.132579848,2.079904468,1.651278014,1.98721923,1.902002891,1.943988875,2.072249898,1.729974286,1.975891136,1.920645001,1.563481085,1.5132176,1.650307523,1.796574333,2.044147621,2.051538391,1.671172843,1.902546779,1.403120521,1.854913022,1.608526034,2.083144143,2.108565024,1.969415912,2.019946682,2.115610512,2.164947373,,,,,,,,,,,,,,,,,,,,,,,,,,,,,,,,,,,,,,,,,,,,,,,,,,,,,,,,,,,,,,,,,,,,,,,,,,,,,,,,,,,,,,,,,,,,,,,,,,,,,,,,,,,,,,,,,,,,,,,,,,,,,,,,,,,,,,,,,,,,,,,,,,,,,,,,,,,,,,,,,,,,,,,,,,,,,,,,,,,,,,
,,-,,,,,,,,,0.242187325,0.206411779,0.420027539,0.258278015,0.220947723,0.219082533,0.530996636,0.339294496,0.241908544,0.260285028,0.208883772,0.367049796,0.150980538,0.263857893,0.538639293,0.536849687,0.347655208,0.227120978,0.258195269,0.227978007,0.425968732,0.230222785,0.415668776,0.282719788,0.435935327,0.265235902,0.252096663,0.223899731,0.164810249,0.401435355,0.250824681,,,,,,,,,,,,,,,,,,,,,,,,,,,,,,,,,,,,,,,,,,,,,,,,,,,,,,,,,,,,,,,,,,,,,,,,,,,,,,,,,,,,,,,,,,,,,,,,,,,,,,,,,,,,,,,,,,,,,,,,,,,,,,,,,,,,,,,,,,,,,,,,,,,,,,,,,,,,,,,,,,,,,,,,,,,,,,,,,,,,,,
,1995,,,,,,,,,,,,,,,,,,,,,,,,,,,,,,,,,,,,,,,,,,,,,,,,,,,,,,,,,,,,,,,,,,,,,,,,,,,,,,,,,,,,,,,,,,,,,,,,,,,,,,,,,,,,,,,,,,,,,,,,,,,,,,,,,,,,,,,,,,,,,,,,,,,,,,,,,,,,,,,,,,,,,,,,,,,,,,,,,,,,,,,,,,,,,,,,,,,,,,,,,,,,,,,,,,,,,,,,,,,,,,
,,-,,,Purchasing Power Standard  per inhabitant,,,,,,14600,18900,4600,11200,19300,18900,5300,15200,11000,13400,17000,6700,17800,12800,4600,5200,7500,13100,18100,19700,6300,11300,4800,10900,7000,15800,18300,16900,19500,19800,22900,,,,,,,,,,,,,,,,,,,,,,,,,,,,,,,,,,,,,,,,,,,,,,,,,,,,,,,,,,,,,,,,,,,,,,,,,,,,,,,,,,,,,,,,,,,,,,,,,,,,,,,,,,,,,,,,,,,,,,,,,,,,,,,,,,,,,,,,,,,,,,,,,,,,,,,,,,,,,,,,,,,,,,,,,,,,,,,,,,,,,,
,,-,,,,,,,,,100,114,25.6,38.2,138.1,125.4,38,94.9,77,86.5,119.3,54,85.7,84.1,33.3,27.3,44.8,57.7,114.8,116.5,44.4,79.3,26.5,73.8,40.1,124.4,119.9,92.3,103.1,132.2,153.1,,,,,,,,,,,,,,,,,,,,,,,,,,,,,,,,,,,,,,,,,,,,,,,,,,,,,,,,,,,,,,,,,,,,,,,,,,,,,,,,,,,,,,,,,,,,,,,,,,,,,,,,,,,,,,,,,,,,,,,,,,,,,,,,,,,,,,,,,,,,,,,,,,,,,,,,,,,,,,,,,,,,,,,,,,,,,,,,,,,,,,
,,-,,,,,,,,,4.164352856,4.276461804,3.662757832,4.049218023,4.285557309,4.276461804,3.72427587,4.181843588,4.041392685,4.127104798,4.230448921,3.826074803,4.250420002,4.10720997,3.662757832,3.716003344,3.875061263,4.117271296,4.257678575,4.294466226,3.799340549,4.053078443,3.681241237,4.037426498,3.84509804,4.198657087,4.26245109,4.227886705,4.290034611,4.29666519,4.359835482,,,,,,,,,,,,,,,,,,,,,,,,,,,,,,,,,,,,,,,,,,,,,,,,,,,,,,,,,,,,,,,,,,,,,,,,,,,,,,,,,,,,,,,,,,,,,,,,,,,,,,,,,,,,,,,,,,,,,,,,,,,,,,,,,,,,,,,,,,,,,,,,,,,,,,,,,,,,,,,,,,,,,,,,,,,,,,,,,,,,,,
,,-,,,,,,,,,2,2.056904851,1.408239965,1.582063363,2.140193679,2.098297536,1.579783597,1.977266212,1.886490725,1.937016107,2.076640444,1.73239376,1.932980822,1.924795996,1.522444234,1.436162647,1.651278014,1.761175813,2.059941888,2.066325925,1.64738297,1.899273187,1.423245874,1.868056362,1.603144373,2.09482038,2.078819183,1.965201701,2.013258665,2.121231455,2.184975191,,,,,,,,,,,,,,,,,,,,,,,,,,,,,,,,,,,,,,,,,,,,,,,,,,,,,,,,,,,,,,,,,,,,,,,,,,,,,,,,,,,,,,,,,,,,,,,,,,,,,,,,,,,,,,,,,,,,,,,,,,,,,,,,,,,,,,,,,,,,,,,,,,,,,,,,,,,,,,,,,,,,,,,,,,,,,,,,,,,,,,
,,-,,,,,,,,,0.242187325,0.206411779,0.420027539,0.258278015,0.220947723,0.219082533,0.530996636,0.339294496,0.241908544,0.260285028,0.208883772,0.367049796,0.150980538,0.263857893,0.538639293,0.536849687,0.347655208,0.227120978,0.258195269,0.227978007,0.425968732,0.230222785,0.415668776,0.282719788,0.435935327,0.265235902,0.252096663,0.223899731,0.164810249,0.401435355,0.250824681,,,,,,,,,,,,,,,,,,,,,,,,,,,,,,,,,,,,,,,,,,,,,,,,,,,,,,,,,,,,,,,,,,,,,,,,,,,,,,,,,,,,,,,,,,,,,,,,,,,,,,,,,,,,,,,,,,,,,,,,,,,,,,,,,,,,,,,,,,,,,,,,,,,,,,,,,,,,,,,,,,,,,,,,,,,,,,,,,,,,,,
,,,,,,,,,,,,,,,,,,,,,,,,,,,,,,,,,,,,,,,,,,,,,,,,,,,,,,,,,,,,,,,,,,,,,,,,,,,,,,,,,,,,,,,,,,,,,,,,,,,,,,,,,,,,,,,,,,,,,,,,,,,,,,,,,,,,,,,,,,,,,,,,,,,,,,,,,,,,,,,,,,,,,,,,,,,,,,,,,,,,,,,,,,,,,,,,,,,,,,,,,,,,,,,,,,,,,,,,,,,,,,,
