CATEGORY,YEAR,INDICATOR,SOURCE,DESCRIPTION,UNIT,MAP,GRAPH,FILE,OPTIONS,TYPE,AFG,ALB,DZA,AND,AGO,AIA,ATG,ARG,ARM,ABW,AUS,AUT,AZE,BHS,BHR,BGD,BRB,BLR,BEL,BLZ,BEN,BMU,BTN,BOL,BIH,BWA,BRA,VGB,BRN,BGR,BFA,BDI,KHM,CMR,CAN,CPV,CYM,CAF,TCD,CHL,CHN,COL,COM,COG,COK,CRI,CIV,HRV,CUB,CYP,CZE,PRK,COD,DNK,DJI,DMA,DOM,ECU,EGY,SLV,GNQ,ERI,EST,ETH,FJI,FIN,FRA,GAB,GMB,GEO,DEU,GHA,GIB,GRC,GRD,GTM,GIN,GNB,GUY,HTI,VAT,HND,HKG,HUN,ISL,IND,IDN,IRN,IRQ,IRL,ISR,ITA,JAM,JPN,JOR,KAZ,KEN,KIR,KWT,KGZ,LAO,LVA,LBN,LSO,LBR,LBY,LIE,LTU,LUX,MAC,MDG,MWI,MYS,MDV,MLI,MLT,MHL,MRT,MUS,MEX,FSM,MCO,MNG,MNE,MSR,MAR,MOZ,MMR,NAM,NRU,NPL,NLD,ANT,NZL,NIC,NER,NGA,NIU,NOR,OMN,PAK,PLW,PSE,PAN,PNG,PRY,PER,PHL,POL,PRT,QAT,KOR,MDA,ROU,RUS,RWA,KNA,LCA,VCT,WSM,SMR,STP,SAU,SEN,SRB,SYC,SLE,SGP,SVK,SVN,SLB,SOM,ZAF,ESP,LKA,SDN,SUR,SWZ,SWE,CHE,SYR,TJK,THA,MKD,TLS,TGO,TKL,TON,TTO,TUN,TUR,TKM,TCA,TUV,UGA,UKR,ARE,GBR,TZA,USA,URY,UZB,VUT,VEN,VNM,YEM,ZMB,ZWE,GUF,ESH,TWN,GRL,EAZ,SJM,PRI,IMN,JEY,GGY,VIR,KOS,SSD,,,,,,,,,,,,,,,,,,,,,,,
New category,2012,,V. Gontis via Eurostat,,,,,,,,,,,,,,,,,,,,,,,,,,,,,,,,,,,,,,,,,,,,,,,,,,,,,,,,,,,,,,,,,,,,,,,,,,,,,,,,,,,,,,,,,,,,,,,,,,,,,,,,,,,,,,,,,,,,,,,,,,,,,,,,,,,,,,,,,,,,,,,,,,,,,,,,,,,,,,,,,,,,,,,,,,,,,,,,,,,,,,,,,,,,,,,,,,,,,,,,,,,,,,,,,,,,,,,,,,,,,,,,,,,,,,,,,,,,,,,,,,,,,,,,,,,
,, GDP per capita ,,,PPS,,,,,,,,,,,,,,,,,33300,,,,,,,30500,,,,,,,,,,,12100,,,,,,,,,,,,,,,,,,15600,,23200,20200,,,32000,,,,,,,,,17500,,,29100,27500,,,,31100,,,19200,,,,,,,,,,16800,28700,,,,,33200,,25200,,,,,,,,,,,,,,,,17800,69400,,,,,,,22000,,,,,,,,,,,,,,,,32800,,,,,,,49900,,,,,,,,,,16800,19200,,,,12600,,,,,,,,,,,,,,,19200,21000,,,,24900,,,,,32800,40800,,,,,,,,,,,,,,,,,,28400,,37900,,,,,,,,,,,,,,,,,,,,,,,,,,,,,,,,,,,,,,,,,,,,
,, Relative GDP growth,,,GDP(1995),,,,,,,,,,,,,,,,,1.69035533,,,,,,,1.613756614,,,,,,,,,,,2.630434783,,,,,,,,,,,,,,,,,,2.328358209,,1.8125,1.803571429,,,1.658031088,,,,,,,,,3.301886792,,,1.841772152,1.617647059,,,,1.645502646,,,1.56097561,,,,,,,,,,2.24,1.471794872,,,,,2.184210526,,1.415730337,,,,,,,,,,,,,,,,3.423076923,2.128834356,,,,,,,1.679389313,,,,,,,,,,,,,,,,1.812154696,,,,,,,2.52020202,,,,,,,,,,2.666666667,1.699115044,,,,2.470588235,,,,,,,,,,,,,,,2.742857143,1.926605505,,,,1.858208955,,,,,1.792349727,1.781659389,,,,,,,,,,,,,,,,,,1.680473373,,1.61965812,,,,,,,,,,,,,,,,,,,,,,,,,,,,,,,,,,,,,,,,,,,,
,, Gross earning/GDP,,,PPS/PPS,,,,,,,,,,,,,,,,,1.153222222,,,,,,,1.360689836,,,,,,,,,,,,,,,,,,,,,,,,,,,,,,,,0.79035396,,,1.147382813,,,,,,,,,0.803178286,,,1.142964605,1.210030182,,,,1.396678135,,,1.094090104,,,,,,,,,,0.910335119,1.153930662,,,,,0.844807229,,1.098487698,,,,,,,,,,,,,,,,,0.601297695,,,,,,,,,,,,,,,,,,,,,,,1.308071951,,,,,,,0.843691583,,,,,,,,,,0.947411905,0.940385417,,,,,,,,,,,,,,,,,,,0.70689375,0.955802381,,,,1.056306827,,,,,1.034289329,1.079805882,,,,,,,,,,,,,,,,,,1.427639085,,,,,,,,,,,,,,,,,,,,,,,,,,,,,,,,,,,,,,,,,,,,,,
,, Average growth rate per year,,,%,,,,,,,,,,,,,,,,,3.136044453,,,,,,,2.855084846,,,,,,,,,,,5.854055702,,,,,,,,,,,,,,,,,,5.097204536,,3.560186631,3.530108096,,,3.018972946,,,,,,,,,7.279174323,,,3.657829742,2.869654388,,,,2.973019104,,,2.654086394,,,,,,,,,,4.858302924,2.29946671,,,,,4.702849147,,2.0660266,,1.912981557,,,,,,,,7.531318001,,,,,,7.506883919,4.544806461,,,,,,,3.096565842,,,,,,,,,,,,,,,,3.559025967,,,,,,,5.587825116,,,,,,,,,,5.939272013,3.167407384,,,,5.464404327,,,,,,,,,,,,,,,6.114970619,3.932773654,,,,3.712019522,,,,,3.492105086,3.455692714,,,,,,,,,,,7.056653528,,,,,,,3.100479341,,2.877172795,,,,,,,,,,,,,,,,,,,,,,,,,,,,,,,,,,,,,,,,,,,,
,, Average gross earning/GDP,,,PPS/PPS,,,,,,,,,,,,,,,,,1.121429234,,,,,,,1.295532413,,,,,,,,,,,0.701781356,,,,,,,,,,,,,,,,,,,,,0.753725996,,,1.187964996,,,,,,,,,0.775876263,,,1.069150081,1.118515427,,,,1.424641695,,,0.837753521,,,,,,,,,,0.806510299,1.02327602,,,,,0.835082993,,1.049616889,,,,,,,,,,0.76856666,,,,,,0.711077041,0.693850928,,,,,,,1.107921867,,,,,,,,,,,,,,,,1.283475758,,,,,,,0.908544594,,,,,,,,,,1.013231354,0.902101139,,,,0.798637181,,,,,,,,,,,,,,,0.742473023,0.907443649,,,,1.041135986,,,,,1.0152258,1.056921615,,,,,,,,,,,,,,,,,,1.398635077,,,,,,,,,,,,,,,,,,,,,,,,,,,,,,,,,,,,,,,,,,,,,,
,2011,,,,,,,,,,,,,,,,,,,,,,,,,,,,,,,,,,,,,,,,,,,,,,,,,,,,,,,,,,,,,,,,,,,,,,,,,,,,,,,,,,,,,,,,,,,,,,,,,,,,,,,,,,,,,,,,,,,,,,,,,,,,,,,,,,,,,,,,,,,,,,,,,,,,,,,,,,,,,,,,,,,,,,,,,,,,,,,,,,,,,,,,,,,,,,,,,,,,,,,,,,,,,,,,,,,,,,,,,,,,,,,,,,,,,,,,,,,,,,,,,,,,,,,,,,,,,
,,-,,,PPS,,,,,,,,,,,,,,,,,32400,,,,,,,29900,,,,,,,,,,,11600,,,,,,,,,,,,,,,,,,15200,,23700,20100,,,31500,,,,,,,,,16900,,,28700,27300,,,,30300,,,19900,,,,,,,,,,16500,28100,,,,,32600,,25100,,26000,,,,,,,,14700,,,,,,16600,68100,,,,,,,21800,,,,,,,,,,,,,,,,32700,,,,,,,46900,,,,,,,,,,16200,19500,,,,11800,,,,,,,,,,,,,,,18500,21000,,,,24700,,,,,31900,39500,,,,,,,,,,,13100,,,,,,,27700,,37100,,,,,,,,,,,,,,,,,,,,,,,,,,,,,,,,,,,,,,,,,,,,
,,-,,,GDP(1995),,,,,,,,,,,,,,,,,1.644670051,,,,,,,1.582010582,,,,,,,,,,,2.52173913,,,,,,,,,,,,,,,,,,2.268656716,,1.8515625,1.794642857,,,1.632124352,,,,,,,,,3.188679245,,,1.816455696,1.605882353,,,,1.603174603,,,1.617886179,,,,,,,,,,2.2,1.441025641,,,,,2.144736842,,1.41011236,,1.354166667,,,,,,,,3.195652174,,,,,,3.192307692,2.088957055,,,,,,,1.664122137,,,,,,,,,,,,,,,,1.806629834,,,,,,,2.368686869,,,,,,,,,,2.571428571,1.725663717,,,,2.31372549,,,,,,,,,,,,,,,2.642857143,1.926605505,,,,1.843283582,,,,,1.743169399,1.72489083,,,,,,,,,,,2.977272727,,,,,,,1.639053254,,1.585470085,,,,,,,,,,,,,,,,,,,,,,,,,,,,,,,,,,,,,,,,,,,,
,,-,,,PPS/PPS,,,,,,,,,,,,,,,,,1.139046914,,,,,,,1.287801338,,,,,,,,,,,0.756643966,,,,,,,,,,,,,,,,,,,,,0.768005473,,,1.137065079,,,,,,,,,0.753157396,,,1.157975261,1.191824542,,,,1.402994719,,,0.82661608,,,,,,,,,,0.884587879,1.081284698,,,,,0.866028528,,1.10752988,,,,,,,,,,0.790218367,,,,,,0.636533735,0.595803818,,,,,,,1.160399541,,,,,,,,,,,,,,,,1.297524465,,,,,,,0.85650661,,,,,,,,,,0.973578395,1.035986667,,,,0.837500847,,,,,,,,,,,,,,,0.721458919,0.947002381,,,,1.05087166,,,,,1.030906897,0.993370127,,,,,,,,,,,,,,,,,,1.398570758,,,,,,,,,,,,,,,,,,,,,,,,,,,,,,,,,,,,,,,,,,,,,,
,,-,,,%,,,,,,,,,,,,,,,,,3.136044453,,,,,,,2.855084846,,,,,,,,,,,5.854055702,,,,,,,,,,,,,,,,,,5.097204536,,3.560186631,3.530108096,,,3.018972946,,,,,,,,,7.279174323,,,3.657829742,2.869654388,,,,2.973019104,,,2.654086394,,,,,,,,,,4.858302924,2.29946671,,,,,4.702849147,,2.0660266,,1.912981557,,,,,,,,7.531318001,,,,,,7.506883919,4.544806461,,,,,,,3.096565842,,,,,,,,,,,,,,,,3.559025967,,,,,,,5.587825116,,,,,,,,,,5.939272013,3.167407384,,,,5.464404327,,,,,,,,,,,,,,,6.114970619,3.932773654,,,,3.712019522,,,,,3.492105086,3.455692714,,,,,,,,,,,7.056653528,,,,,,,3.100479341,,2.877172795,,,,,,,,,,,,,,,,,,,,,,,,,,,,,,,,,,,,,,,,,,,,
,,-,,,PPS/PPS,,,,,,,,,,,,,,,,,1.121429234,,,,,,,1.295532413,,,,,,,,,,,0.701781356,,,,,,,,,,,,,,,,,,,,,0.753725996,,,1.187964996,,,,,,,,,0.775876263,,,1.069150081,1.118515427,,,,1.424641695,,,0.837753521,,,,,,,,,,0.806510299,1.02327602,,,,,0.835082993,,1.049616889,,,,,,,,,,0.76856666,,,,,,0.711077041,0.693850928,,,,,,,1.107921867,,,,,,,,,,,,,,,,1.283475758,,,,,,,0.908544594,,,,,,,,,,1.013231354,0.902101139,,,,0.798637181,,,,,,,,,,,,,,,0.742473023,0.907443649,,,,1.041135986,,,,,1.0152258,1.056921615,,,,,,,,,,,,,,,,,,1.398635077,,,,,,,,,,,,,,,,,,,,,,,,,,,,,,,,,,,,,,,,,,,,,,
,2010,,,,,,,,,,,,,,,,,,,,,,,,,,,,,,,,,,,,,,,,,,,,,,,,,,,,,,,,,,,,,,,,,,,,,,,,,,,,,,,,,,,,,,,,,,,,,,,,,,,,,,,,,,,,,,,,,,,,,,,,,,,,,,,,,,,,,,,,,,,,,,,,,,,,,,,,,,,,,,,,,,,,,,,,,,,,,,,,,,,,,,,,,,,,,,,,,,,,,,,,,,,,,,,,,,,,,,,,,,,,,,,,,,,,,,,,,,,,,,,,,,,,,,,,,,,,,
,,-,,,PPS,,,,,,,,,,,,,,,,,31100,,,,,,,29200,,,,,,,,,,,10700,,,,,,,,,,,,,,,,,,14300,,23600,19500,,,31300,,,,,,,,,15500,,,27700,26500,,,,29000,,,21200,,,,,,,,,,15900,27300,,,,,31300,,24700,,25800,,,,,,,,13200,,,,,,14900,65200,,,,,,,21200,,,,,,,,,,,,,,,,32000,,,,,,,44300,,,,,,,,,,15300,19700,,,,11400,,,,,,,,,,,,,,,17900,20500,,,,24300,,,,,30200,37600,,,,,,,,,,,12200,,,,,,,27500,,36100,,,,,,,,,,,,,,,,,,,,,,,,,,,,,,,,,,,,,,,,,,,,
,,-,,,GDP(1995),,,,,,,,,,,,,,,,,1.578680203,,,,,,,1.544973545,,,,,,,,,,,2.326086957,,,,,,,,,,,,,,,,,,2.134328358,,1.84375,1.741071429,,,1.621761658,,,,,,,,,2.924528302,,,1.753164557,1.558823529,,,,1.534391534,,,1.723577236,,,,,,,,,,2.12,1.4,,,,,2.059210526,,1.387640449,,1.34375,,,,,,,,2.869565217,,,,,,2.865384615,2,,,,,,,1.618320611,,,,,,,,,,,,,,,,1.767955801,,,,,,,2.237373737,,,,,,,,,,2.428571429,1.743362832,,,,2.235294118,,,,,,,,,,,,,,,2.557142857,1.880733945,,,,1.813432836,,,,,1.650273224,1.641921397,,,,,,,,,,,2.772727273,,,,,,,1.627218935,,1.542735043,,,,,,,,,,,,,,,,,,,,,,,,,,,,,,,,,,,,,,,,,,,,
,,-,,,PPS/PPS,,,,,,,,,,,,,,,,,1.156419936,,,,,,,1.273780137,,,,,,,,,,,0.718406542,,,,,,,,,,,,,,,,,,,,,0.809228718,,,1.131792652,,,,,,,,,0.823383871,,,1.174452708,1.175766792,,,,1.402988966,,,1.009923585,,,,,,,,,,0.875860377,1.071215751,,,,,0.873239936,,1.103391498,,,,,,,,,,0.89782197,,,,,,0.715530201,0.630729141,,,,,,,1.073612736,,,,,,,,,,,,,,,,1.331519688,,,,,,,0.898429345,,,,,,,,,,0.944694771,1.005899492,,,,0.834511404,,,,,,,,,,,,,,,0.731795531,0.982192195,,,,1.054751029,,,,,1.067198675,0.980471277,,,,,,,,,,,,,,,,,,1.450097455,,,,,,,,,,,,,,,,,,,,,,,,,,,,,,,,,,,,,,,,,,,,,,
,,-,,,%,,,,,,,,,,,,,,,,,3.136044453,,,,,,,2.855084846,,,,,,,,,,,5.854055702,,,,,,,,,,,,,,,,,,5.097204536,,3.560186631,3.530108096,,,3.018972946,,,,,,,,,7.279174323,,,3.657829742,2.869654388,,,,2.973019104,,,2.654086394,,,,,,,,,,4.858302924,2.29946671,,,,,4.702849147,,2.0660266,,1.912981557,,,,,,,,7.531318001,,,,,,7.506883919,4.544806461,,,,,,,3.096565842,,,,,,,,,,,,,,,,3.559025967,,,,,,,5.587825116,,,,,,,,,,5.939272013,3.167407384,,,,5.464404327,,,,,,,,,,,,,,,6.114970619,3.932773654,,,,3.712019522,,,,,3.492105086,3.455692714,,,,,,,,,,,7.056653528,,,,,,,3.100479341,,2.877172795,,,,,,,,,,,,,,,,,,,,,,,,,,,,,,,,,,,,,,,,,,,,
,,-,,,PPS/PPS,,,,,,,,,,,,,,,,,1.121429234,,,,,,,1.295532413,,,,,,,,,,,0.701781356,,,,,,,,,,,,,,,,,,,,,0.753725996,,,1.187964996,,,,,,,,,0.775876263,,,1.069150081,1.118515427,,,,1.424641695,,,0.837753521,,,,,,,,,,0.806510299,1.02327602,,,,,0.835082993,,1.049616889,,,,,,,,,,0.76856666,,,,,,0.711077041,0.693850928,,,,,,,1.107921867,,,,,,,,,,,,,,,,1.283475758,,,,,,,0.908544594,,,,,,,,,,1.013231354,0.902101139,,,,0.798637181,,,,,,,,,,,,,,,0.742473023,0.907443649,,,,1.041135986,,,,,1.0152258,1.056921615,,,,,,,,,,,,,,,,,,1.398635077,,,,,,,,,,,,,,,,,,,,,,,,,,,,,,,,,,,,,,,,,,,,,,
,2009,,,,,,,,,,,,,,,,,,,,,,,,,,,,,,,,,,,,,,,,,,,,,,,,,,,,,,,,,,,,,,,,,,,,,,,,,,,,,,,,,,,,,,,,,,,,,,,,,,,,,,,,,,,,,,,,,,,,,,,,,,,,,,,,,,,,,,,,,,,,,,,,,,,,,,,,,,,,,,,,,,,,,,,,,,,,,,,,,,,,,,,,,,,,,,,,,,,,,,,,,,,,,,,,,,,,,,,,,,,,,,,,,,,,,,,,,,,,,,,,,,,,,,,,,,,,,
,,-,,,PPS,,,,,,,,,,,,,,,,,29500,,,,,,,27700,,,,,,,,,,,10300,,,,,,,,,,,,,,,,,,14500,,23500,19400,,,29000,,,,,,,,,14700,,,26900,25600,,,,27000,,,22100,,,,,,,,,,15300,28300,,,,,30200,,24400,,24000,,,,,,,,12700,,,,,,13600,60000,,,,,,,19800,,,,,,,,,,,,,,,,31000,,,,,,,41500,,,,,,,,,,14200,18800,,,,11100,,,,,,,,,,,,,,,17100,20300,,,,24200,,,,,28200,35200,,,,,,,,,,,10900,,,,,,,26300,,34400,,,,,,,,,,,,,,,,,,,,,,,,,,,,,,,,,,,,,,,,,,,,
,,-,,,GDP(1995),,,,,,,,,,,,,,,,,1.497461929,,,,,,,1.465608466,,,,,,,,,,,2.239130435,,,,,,,,,,,,,,,,,,2.164179104,,1.8359375,1.732142857,,,1.502590674,,,,,,,,,2.773584906,,,1.702531646,1.505882353,,,,1.428571429,,,1.796747967,,,,,,,,,,2.04,1.451282051,,,,,1.986842105,,1.370786517,,1.25,,,,,,,,2.760869565,,,,,,2.615384615,1.840490798,,,,,,,1.511450382,,,,,,,,,,,,,,,,1.712707182,,,,,,,2.095959596,,,,,,,,,,2.253968254,1.663716814,,,,2.176470588,,,,,,,,,,,,,,,2.442857143,1.862385321,,,,1.805970149,,,,,1.540983607,1.537117904,,,,,,,,,,,2.477272727,,,,,,,1.556213018,,1.47008547,,,,,,,,,,,,,,,,,,,,,,,,,,,,,,,,,,,,,,,,,,,,
,,-,,,PPS/PPS,,,,,,,,,,,,,,,,,1.191925763,,,,,,,1.30568231,,,,,,,,,,,0.736350485,,,,,,,,,,,,,,,,,,,,,0.785015979,,,1.172806897,,,,,,,,,0.842870068,,,1.139387361,1.167435547,,,,1.438379259,,,0.869302262,,,,,,,,,,0.884085621,1.053935336,,,,,0.835479139,,1.065631148,,,,,,,,,,0.88670315,,,,,,0.765227206,0.663123667,,,,,,,1.083107071,,,,,,,,,,,,,,,,1.31420871,,,,,,,0.918649398,,,,,,,,,,0.980650704,1.027432447,,,,0.779292793,,,,,,,,,,,,,,,0.73018655,0.938734975,,,,1.021162397,,,,,1.123380142,1.020142045,,,,,,,,,,,,,,,,,,1.497058935,,,,,,,,,,,,,,,,,,,,,,,,,,,,,,,,,,,,,,,,,,,,,,
,,-,,,%,,,,,,,,,,,,,,,,,3.136044453,,,,,,,2.855084846,,,,,,,,,,,5.854055702,,,,,,,,,,,,,,,,,,5.097204536,,3.560186631,3.530108096,,,3.018972946,,,,,,,,,7.279174323,,,3.657829742,2.869654388,,,,2.973019104,,,2.654086394,,,,,,,,,,4.858302924,2.29946671,,,,,4.702849147,,2.0660266,,1.912981557,,,,,,,,7.531318001,,,,,,7.506883919,4.544806461,,,,,,,3.096565842,,,,,,,,,,,,,,,,3.559025967,,,,,,,5.587825116,,,,,,,,,,5.939272013,3.167407384,,,,5.464404327,,,,,,,,,,,,,,,6.114970619,3.932773654,,,,3.712019522,,,,,3.492105086,3.455692714,,,,,,,,,,,7.056653528,,,,,,,3.100479341,,2.877172795,,,,,,,,,,,,,,,,,,,,,,,,,,,,,,,,,,,,,,,,,,,,
,,-,,,PPS/PPS,,,,,,,,,,,,,,,,,1.121429234,,,,,,,1.295532413,,,,,,,,,,,0.701781356,,,,,,,,,,,,,,,,,,,,,0.753725996,,,1.187964996,,,,,,,,,0.775876263,,,1.069150081,1.118515427,,,,1.424641695,,,0.837753521,,,,,,,,,,0.806510299,1.02327602,,,,,0.835082993,,1.049616889,,,,,,,,,,0.76856666,,,,,,0.711077041,0.693850928,,,,,,,1.107921867,,,,,,,,,,,,,,,,1.283475758,,,,,,,0.908544594,,,,,,,,,,1.013231354,0.902101139,,,,0.798637181,,,,,,,,,,,,,,,0.742473023,0.907443649,,,,1.041135986,,,,,1.0152258,1.056921615,,,,,,,,,,,,,,,,,,1.398635077,,,,,,,,,,,,,,,,,,,,,,,,,,,,,,,,,,,,,,,,,,,,,,
,2008,,,,,,,,,,,,,,,,,,,,,,,,,,,,,,,,,,,,,,,,,,,,,,,,,,,,,,,,,,,,,,,,,,,,,,,,,,,,,,,,,,,,,,,,,,,,,,,,,,,,,,,,,,,,,,,,,,,,,,,,,,,,,,,,,,,,,,,,,,,,,,,,,,,,,,,,,,,,,,,,,,,,,,,,,,,,,,,,,,,,,,,,,,,,,,,,,,,,,,,,,,,,,,,,,,,,,,,,,,,,,,,,,,,,,,,,,,,,,,,,,,,,,,,,,,,,,
,,-,,,PPS,,,,,,,,,,,,,,,,,31200,,,,,,,29000,,,,,,,,,,,10900,,,,,,,,,,,,,,,,,,15800,,24900,20200,,,31100,,,,,,,,,17200,,,29800,26700,,,,29000,,,23100,,,,,,,,,,16000,30900,,,,,32900,,26100,,26300,,,,,,,,14600,,,,,,16100,65900,,,,,,,20300,,,,,,,,,,,,,,,,33600,,,,,,,48000,,,,,,,,,,14100,19500,,,,11700,,,,,,,,,,,,,,,18100,22700,,,,25900,,,,,31000,37200,,,,,,,,,,,11700,,,,,,,28600,,36700,,,,,,,,,,,,,,,,,,,,,,,,,,,,,,,,,,,,,,,,,,,,
,,-,,,GDP(1995),,,,,,,,,,,,,,,,,1.583756345,,,,,,,1.534391534,,,,,,,,,,,2.369565217,,,,,,,,,,,,,,,,,,2.358208955,,1.9453125,1.803571429,,,1.611398964,,,,,,,,,3.245283019,,,1.886075949,1.570588235,,,,1.534391534,,,1.87804878,,,,,,,,,,2.133333333,1.584615385,,,,,2.164473684,,1.466292135,,1.369791667,,,,,,,,3.173913043,,,,,,3.096153846,2.021472393,,,,,,,1.549618321,,,,,,,,,,,,,,,,1.856353591,,,,,,,2.424242424,,,,,,,,,,2.238095238,1.725663717,,,,2.294117647,,,,,,,,,,,,,,,2.585714286,2.082568807,,,,1.932835821,,,,,1.693989071,1.624454148,,,,,,,,,,,2.659090909,,,,,,,1.692307692,,1.568376068,,,,,,,,,,,,,,,,,,,,,,,,,,,,,,,,,,,,,,,,,,,,
,,-,,,PPS/PPS,,,,,,,,,,,,,,,,,1.132448397,,,,,,,1.270981034,,,,,,,,,,,0.623245872,,,,,,,,,,,,,,,,,,,,,0.749440594,,,1.109196141,,,,,,,,,0.751506977,,,1.033639262,1.123465169,,,,1.379043793,,,0.794018615,,,,,,,,,,0.8373875,1.182380583,,,,,0.766240122,,0.999673563,,,,,,,,,,0.743056849,,,,,,0.696958385,0.607483915,,,,,,,1.069154187,,,,,,,,,,,,,,,,1.224919048,,,,,,,0.799172292,,,,,,,,,,0.985105674,0.972278462,,,,0.742350427,,,,,,,,,,,,,,,0.674733702,0.843737004,,,,0.943251351,,,,,1.04424,0.976017473,,,,,,,,,,,,,,,,,,1.435965385,,,,,,,,,,,,,,,,,,,,,,,,,,,,,,,,,,,,,,,,,,,,,,
,,-,,,%,,,,,,,,,,,,,,,,,3.136044453,,,,,,,2.855084846,,,,,,,,,,,5.854055702,,,,,,,,,,,,,,,,,,5.097204536,,3.560186631,3.530108096,,,3.018972946,,,,,,,,,7.279174323,,,3.657829742,2.869654388,,,,2.973019104,,,2.654086394,,,,,,,,,,4.858302924,2.29946671,,,,,4.702849147,,2.0660266,,1.912981557,,,,,,,,7.531318001,,,,,,7.506883919,4.544806461,,,,,,,3.096565842,,,,,,,,,,,,,,,,3.559025967,,,,,,,5.587825116,,,,,,,,,,5.939272013,3.167407384,,,,5.464404327,,,,,,,,,,,,,,,6.114970619,3.932773654,,,,3.712019522,,,,,3.492105086,3.455692714,,,,,,,,,,,7.056653528,,,,,,,3.100479341,,2.877172795,,,,,,,,,,,,,,,,,,,,,,,,,,,,,,,,,,,,,,,,,,,,
,,-,,,PPS/PPS,,,,,,,,,,,,,,,,,1.121429234,,,,,,,1.295532413,,,,,,,,,,,0.701781356,,,,,,,,,,,,,,,,,,,,,0.753725996,,,1.187964996,,,,,,,,,0.775876263,,,1.069150081,1.118515427,,,,1.424641695,,,0.837753521,,,,,,,,,,0.806510299,1.02327602,,,,,0.835082993,,1.049616889,,,,,,,,,,0.76856666,,,,,,0.711077041,0.693850928,,,,,,,1.107921867,,,,,,,,,,,,,,,,1.283475758,,,,,,,0.908544594,,,,,,,,,,1.013231354,0.902101139,,,,0.798637181,,,,,,,,,,,,,,,0.742473023,0.907443649,,,,1.041135986,,,,,1.0152258,1.056921615,,,,,,,,,,,,,,,,,,1.398635077,,,,,,,,,,,,,,,,,,,,,,,,,,,,,,,,,,,,,,,,,,,,,,
,2007,,,,,,,,,,,,,,,,,,,,,,,,,,,,,,,,,,,,,,,,,,,,,,,,,,,,,,,,,,,,,,,,,,,,,,,,,,,,,,,,,,,,,,,,,,,,,,,,,,,,,,,,,,,,,,,,,,,,,,,,,,,,,,,,,,,,,,,,,,,,,,,,,,,,,,,,,,,,,,,,,,,,,,,,,,,,,,,,,,,,,,,,,,,,,,,,,,,,,,,,,,,,,,,,,,,,,,,,,,,,,,,,,,,,,,,,,,,,,,,,,,,,,,,,,,,,,
,,-,,,PPS,,,,,,,,,,,,,,,,,30900,,,,,,,28900,,,,,,,,,,,10000,,,,,,,,,,,,,,,,,,15200,,23600,20700,,,30600,,,,,,,,,17500,,,29400,26900,,,,28900,,,22500,,,,,,,,,,15400,30200,,,,,36500,,26000,,27100,,,,,,,,14300,,,,,,15500,68500,,,,,,,19600,,,,,,,,,,,,,,,,33100,,,,,,,45400,,,,,,,,,,13600,19600,,,,10400,,,,,,,,,,,,,,,16900,22100,,,,26200,,,,,31200,36000,,,,,,,,,,,11300,,,,,,,29500,,37800,,,,,,,,,,,,,,,,,,,,,,,,,,,,,,,,,,,,,,,,,,,,
,,-,,,GDP(1995),,,,,,,,,,,,,,,,,1.568527919,,,,,,,1.529100529,,,,,,,,,,,2.173913043,,,,,,,,,,,,,,,,,,2.268656716,,1.84375,1.848214286,,,1.585492228,,,,,,,,,3.301886792,,,1.860759494,1.582352941,,,,1.529100529,,,1.829268293,,,,,,,,,,2.053333333,1.548717949,,,,,2.401315789,,1.460674157,,1.411458333,,,,,,,,3.108695652,,,,,,2.980769231,2.101226994,,,,,,,1.496183206,,,,,,,,,,,,,,,,1.828729282,,,,,,,2.292929293,,,,,,,,,,2.158730159,1.734513274,,,,2.039215686,,,,,,,,,,,,,,,2.414285714,2.027522936,,,,1.955223881,,,,,1.704918033,1.572052402,,,,,,,,,,,2.568181818,,,,,,,1.74556213,,1.615384615,,,,,,,,,,,,,,,,,,,,,,,,,,,,,,,,,,,,,,,,,,,,
,,-,,,PPS/PPS,,,,,,,,,,,,,,,,,1.143162136,,,,,,,1.245096194,,,,,,,,,,,0.569202,,,,,,,,,,,,,,,,,,,,,0.699029469,,,1.106650654,,,,,,,,,0.696364571,,,1.011439796,1.115114498,,,,1.371207958,,,0.818766667,,,,,,,,,,0.83500974,1.287995033,,,,,0.688691233,,0.968434231,,,,,,,,,,0.702543357,,,,,,0.679733548,0.575678686,,,,,,,1.050182653,,,,,,,,,,,,,,,,1.243953474,,,,,,,0.841178414,,,,,,,,,,1.016628676,0.958021429,,,,0.727108654,,,,,,,,,,,,,,,0.667660947,0.838914932,,,,0.903848473,,,,,1.009524359,1.013070556,,,,,,,,,,,,,,,,,,1.443972203,,,,,,,,,,,,,,,,,,,,,,,,,,,,,,,,,,,,,,,,,,,,,,
,,-,,,%,,,,,,,,,,,,,,,,,3.136044453,,,,,,,2.855084846,,,,,,,,,,,5.854055702,,,,,,,,,,,,,,,,,,5.097204536,,3.560186631,3.530108096,,,3.018972946,,,,,,,,,7.279174323,,,3.657829742,2.869654388,,,,2.973019104,,,2.654086394,,,,,,,,,,4.858302924,2.29946671,,,,,4.702849147,,2.0660266,,1.912981557,,,,,,,,7.531318001,,,,,,7.506883919,4.544806461,,,,,,,3.096565842,,,,,,,,,,,,,,,,3.559025967,,,,,,,5.587825116,,,,,,,,,,5.939272013,3.167407384,,,,5.464404327,,,,,,,,,,,,,,,6.114970619,3.932773654,,,,3.712019522,,,,,3.492105086,3.455692714,,,,,,,,,,,7.056653528,,,,,,,3.100479341,,2.877172795,,,,,,,,,,,,,,,,,,,,,,,,,,,,,,,,,,,,,,,,,,,,
,,-,,,PPS/PPS,,,,,,,,,,,,,,,,,1.121429234,,,,,,,1.295532413,,,,,,,,,,,0.701781356,,,,,,,,,,,,,,,,,,,,,0.753725996,,,1.187964996,,,,,,,,,0.775876263,,,1.069150081,1.118515427,,,,1.424641695,,,0.837753521,,,,,,,,,,0.806510299,1.02327602,,,,,0.835082993,,1.049616889,,,,,,,,,,0.76856666,,,,,,0.711077041,0.693850928,,,,,,,1.107921867,,,,,,,,,,,,,,,,1.283475758,,,,,,,0.908544594,,,,,,,,,,1.013231354,0.902101139,,,,0.798637181,,,,,,,,,,,,,,,0.742473023,0.907443649,,,,1.041135986,,,,,1.0152258,1.056921615,,,,,,,,,,,,,,,,,,1.398635077,,,,,,,,,,,,,,,,,,,,,,,,,,,,,,,,,,,,,,,,,,,,,,
,2006,,,,,,,,,,,,,,,,,,,,,,,,,,,,,,,,,,,,,,,,,,,,,,,,,,,,,,,,,,,,,,,,,,,,,,,,,,,,,,,,,,,,,,,,,,,,,,,,,,,,,,,,,,,,,,,,,,,,,,,,,,,,,,,,,,,,,,,,,,,,,,,,,,,,,,,,,,,,,,,,,,,,,,,,,,,,,,,,,,,,,,,,,,,,,,,,,,,,,,,,,,,,,,,,,,,,,,,,,,,,,,,,,,,,,,,,,,,,,,,,,,,,,,,,,,,,,
,,-,,,PPS,,,,,,,,,,,,,,,,,29800,,,,,,,27900,,,,,,,,,,,9000,,,,,,,,,,,,,,,,,,13700,,22000,18900,,,29300,,,,,,,,,15600,,,27000,25600,,,,27300,,,21800,,,,,,,,,,14900,29200,,,,,34400,,24700,,25900,,,,,,,,12500,,,,,,13600,63900,,,,,,,18600,,,,,,,,,,,,,,,,31000,,,,,,,43800,,,,,,,,,,12300,18700,,,,9100,,,,,,,,,,,,,,,15000,20700,,,,24800,,,,,29100,33000,,,,,,,,,,,10500,,,,,,,28900,,36500,,,,,,,,,,,,,,,,,,,,,,,,,,,,,,,,,,,,,,,,,,,,
,,-,,,GDP(1995),,,,,,,,,,,,,,,,,1.512690355,,,,,,,1.476190476,,,,,,,,,,,1.956521739,,,,,,,,,,,,,,,,,,2.044776119,,1.71875,1.6875,,,1.518134715,,,,,,,,,2.943396226,,,1.708860759,1.505882353,,,,1.444444444,,,1.772357724,,,,,,,,,,1.986666667,1.497435897,,,,,2.263157895,,1.387640449,,1.348958333,,,,,,,,2.717391304,,,,,,2.615384615,1.960122699,,,,,,,1.419847328,,,,,,,,,,,,,,,,1.712707182,,,,,,,2.212121212,,,,,,,,,,1.952380952,1.654867257,,,,1.784313725,,,,,,,,,,,,,,,2.142857143,1.899082569,,,,1.850746269,,,,,1.590163934,1.441048035,,,,,,,,,,,2.386363636,,,,,,,1.710059172,,1.55982906,,,,,,,,,,,,,,,,,,,,,,,,,,,,,,,,,,,,,,,,,,,,
,,-,,,PPS/PPS,,,,,,,,,,,,,,,,,1.156682215,,,,,,,1.253676703,,,,,,,,,,,0.543368889,,,,,,,,,,,,,,,,,,,,,0.710856085,,,1.094046758,,,,,,,,,0.697427564,,,1.012240741,1.128842578,,,,1.39737619,,,0.788093578,,,,,,,,,,0.832802685,1.239553425,,,,,0.698825872,,0.98057166,,,,,,,,,,0.6861712,,,,,,0.659925,0.611761972,,,,,,,1.091325269,,,,,,,,,,,,,,,,1.264973548,,,,,,,0.807321005,,,,,,,,,,0.978063415,0.937427807,,,,0.707994505,,,,,,,,,,,,,,,0.689476667,0.86216087,,,,0.929991129,,,,,1.017397595,1.035715455,,,,,,,,,,,,,,,,,,1.441915571,,,,,,,,,,,,,,,,,,,,,,,,,,,,,,,,,,,,,,,,,,,,,,
,,-,,,%,,,,,,,,,,,,,,,,,3.136044453,,,,,,,2.855084846,,,,,,,,,,,5.854055702,,,,,,,,,,,,,,,,,,5.097204536,,3.560186631,3.530108096,,,3.018972946,,,,,,,,,7.279174323,,,3.657829742,2.869654388,,,,2.973019104,,,2.654086394,,,,,,,,,,4.858302924,2.29946671,,,,,4.702849147,,2.0660266,,1.912981557,,,,,,,,7.531318001,,,,,,7.506883919,4.544806461,,,,,,,3.096565842,,,,,,,,,,,,,,,,3.559025967,,,,,,,5.587825116,,,,,,,,,,5.939272013,3.167407384,,,,5.464404327,,,,,,,,,,,,,,,6.114970619,3.932773654,,,,3.712019522,,,,,3.492105086,3.455692714,,,,,,,,,,,7.056653528,,,,,,,3.100479341,,2.877172795,,,,,,,,,,,,,,,,,,,,,,,,,,,,,,,,,,,,,,,,,,,,
,,-,,,PPS/PPS,,,,,,,,,,,,,,,,,1.121429234,,,,,,,1.295532413,,,,,,,,,,,0.701781356,,,,,,,,,,,,,,,,,,,,,0.753725996,,,1.187964996,,,,,,,,,0.775876263,,,1.069150081,1.118515427,,,,1.424641695,,,0.837753521,,,,,,,,,,0.806510299,1.02327602,,,,,0.835082993,,1.049616889,,,,,,,,,,0.76856666,,,,,,0.711077041,0.693850928,,,,,,,1.107921867,,,,,,,,,,,,,,,,1.283475758,,,,,,,0.908544594,,,,,,,,,,1.013231354,0.902101139,,,,0.798637181,,,,,,,,,,,,,,,0.742473023,0.907443649,,,,1.041135986,,,,,1.0152258,1.056921615,,,,,,,,,,,,,,,,,,1.398635077,,,,,,,,,,,,,,,,,,,,,,,,,,,,,,,,,,,,,,,,,,,,,,
,2005,,,,,,,,,,,,,,,,,,,,,,,,,,,,,,,,,,,,,,,,,,,,,,,,,,,,,,,,,,,,,,,,,,,,,,,,,,,,,,,,,,,,,,,,,,,,,,,,,,,,,,,,,,,,,,,,,,,,,,,,,,,,,,,,,,,,,,,,,,,,,,,,,,,,,,,,,,,,,,,,,,,,,,,,,,,,,,,,,,,,,,,,,,,,,,,,,,,,,,,,,,,,,,,,,,,,,,,,,,,,,,,,,,,,,,,,,,,,,,,,,,,,,,,,,,,,,
,,-,,,PPS,,,,,,,,,,,,,,,,,28200,,,,,,,27000,,,,,,,,,,,8200,,,,,,,,,,,,,,,,,,12800,,20900,17800,,,27800,,,,,,,,,13800,,,25700,24700,,,,26100,,,20400,,,,,,,,,,14200,29300,,,,,32500,,23700,,25500,,,,,,,,11100,,,,,,12300,57100,,,,,,,18100,,,,,,,,,,,,,,,,29400,,,,,,,39900,,,,,,,,,,11500,17900,,,,7900,,,,,,,,,,,,,,,13500,19600,,,,22900,,,,,27400,30700,,,,,,,,,,,9500,,,,,,,27900,,35700,,,,,,,,,,,,,,,,,,,,,,,,,,,,,,,,,,,,,,,,,,,,
,,-,,,GDP(1995),,,,,,,,,,,,,,,,,1.431472081,,,,,,,1.428571429,,,,,,,,,,,1.782608696,,,,,,,,,,,,,,,,,,1.910447761,,1.6328125,1.589285714,,,1.440414508,,,,,,,,,2.603773585,,,1.626582278,1.452941176,,,,1.380952381,,,1.658536585,,,,,,,,,,1.893333333,1.502564103,,,,,2.138157895,,1.331460674,,1.328125,,,,,,,,2.413043478,,,,,,2.365384615,1.751533742,,,,,,,1.381679389,,,,,,,,,,,,,,,,1.624309392,,,,,,,2.015151515,,,,,,,,,,1.825396825,1.584070796,,,,1.549019608,,,,,,,,,,,,,,,1.928571429,1.798165138,,,,1.708955224,,,,,1.49726776,1.340611354,,,,,,,,,,,2.159090909,,,,,,,1.650887574,,1.525641026,,,,,,,,,,,,,,,,,,,,,,,,,,,,,,,,,,,,,,,,,,,,
,,-,,,PPS/PPS,,,,,,,,,,,,,,,,,1.175812766,,,,,,,1.275015185,,,,,,,,,,,0.556147561,,,,,,,,,,,,,,,,,,,,,0.709989888,,,1.100269424,,,,,,,,,0.705699275,,,1.030980934,1.140679757,,,,1.434072031,,,0.78797598,,,,,,,,,,0.813932394,1.1764843,,,,,0.721074769,,0.98411308,,,,,,,,,,0.670364865,,,,,,0.648885366,0.659328897,,,,,,,1.105377348,,,,,,,,,,,,,,,,1.256168707,,,,,,,0.84103183,,,,,,,,,,0.985997391,0.921196648,,,,0.731948101,,,,,,,,,,,,,,,0.71497037,0.870496939,,,,0.986948035,,,,,1.040728467,1.090457329,,,,,,,,,,,,,,,,,,1.447094982,,,,,,,,,,,,,,,,,,,,,,,,,,,,,,,,,,,,,,,,,,,,,,
,,-,,,%,,,,,,,,,,,,,,,,,3.136044453,,,,,,,2.855084846,,,,,,,,,,,5.854055702,,,,,,,,,,,,,,,,,,5.097204536,,3.560186631,3.530108096,,,3.018972946,,,,,,,,,7.279174323,,,3.657829742,2.869654388,,,,2.973019104,,,2.654086394,,,,,,,,,,4.858302924,2.29946671,,,,,4.702849147,,2.0660266,,1.912981557,,,,,,,,7.531318001,,,,,,7.506883919,4.544806461,,,,,,,3.096565842,,,,,,,,,,,,,,,,3.559025967,,,,,,,5.587825116,,,,,,,,,,5.939272013,3.167407384,,,,5.464404327,,,,,,,,,,,,,,,6.114970619,3.932773654,,,,3.712019522,,,,,3.492105086,3.455692714,,,,,,,,,,,7.056653528,,,,,,,3.100479341,,2.877172795,,,,,,,,,,,,,,,,,,,,,,,,,,,,,,,,,,,,,,,,,,,,
,,-,,,PPS/PPS,,,,,,,,,,,,,,,,,1.121429234,,,,,,,1.295532413,,,,,,,,,,,0.701781356,,,,,,,,,,,,,,,,,,,,,0.753725996,,,1.187964996,,,,,,,,,0.775876263,,,1.069150081,1.118515427,,,,1.424641695,,,0.837753521,,,,,,,,,,0.806510299,1.02327602,,,,,0.835082993,,1.049616889,,,,,,,,,,0.76856666,,,,,,0.711077041,0.693850928,,,,,,,1.107921867,,,,,,,,,,,,,,,,1.283475758,,,,,,,0.908544594,,,,,,,,,,1.013231354,0.902101139,,,,0.798637181,,,,,,,,,,,,,,,0.742473023,0.907443649,,,,1.041135986,,,,,1.0152258,1.056921615,,,,,,,,,,,,,,,,,,1.398635077,,,,,,,,,,,,,,,,,,,,,,,,,,,,,,,,,,,,,,,,,,,,,,
,2004,,,,,,,,,,,,,,,,,,,,,,,,,,,,,,,,,,,,,,,,,,,,,,,,,,,,,,,,,,,,,,,,,,,,,,,,,,,,,,,,,,,,,,,,,,,,,,,,,,,,,,,,,,,,,,,,,,,,,,,,,,,,,,,,,,,,,,,,,,,,,,,,,,,,,,,,,,,,,,,,,,,,,,,,,,,,,,,,,,,,,,,,,,,,,,,,,,,,,,,,,,,,,,,,,,,,,,,,,,,,,,,,,,,,,,,,,,,,,,,,,,,,,,,,,,,,,
,,-,,,PPS,,,,,,,,,,,,,,,,,27700,,,,,,,26300,,,,,,,,,,,7500,,,,,,,,,,,,,,,,,,12200,,19700,16900,,,27200,,,,,,,,,12400,,,25200,23700,,,,25000,,,20300,,,,,,,,,,13600,28400,,,,,30900,,23200,,24800,,,,,,,,10100,,,,,,11200,54600,,,,,,,17300,,,,,,,,,,,,,,,,28000,,,,,,,35800,,,,,,,,,,11000,16700,,,,7400,,,,,,,,,,,,,,,12300,18800,,,,21900,,,,,27400,30000,,,,,,,,,,,8600,,,,,,,27000,,34000,,,,,,,,,,,,,,,,,,,,,,,,,,,,,,,,,,,,,,,,,,,,
,,-,,,GDP(1995),,,,,,,,,,,,,,,,,1.406091371,,,,,,,1.391534392,,,,,,,,,,,1.630434783,,,,,,,,,,,,,,,,,,1.820895522,,1.5390625,1.508928571,,,1.409326425,,,,,,,,,2.339622642,,,1.594936709,1.394117647,,,,1.322751323,,,1.650406504,,,,,,,,,,1.813333333,1.456410256,,,,,2.032894737,,1.303370787,,1.291666667,,,,,,,,2.195652174,,,,,,2.153846154,1.674846626,,,,,,,1.320610687,,,,,,,,,,,,,,,,1.546961326,,,,,,,1.808080808,,,,,,,,,,1.746031746,1.477876106,,,,1.450980392,,,,,,,,,,,,,,,1.757142857,1.724770642,,,,1.634328358,,,,,1.49726776,1.310043668,,,,,,,,,,,1.954545455,,,,,,,1.597633136,,1.452991453,,,,,,,,,,,,,,,,,,,,,,,,,,,,,,,,,,,,,,,,,,,,
,,-,,,PPS/PPS,,,,,,,,,,,,,,,,,1.151522022,,,,,,,1.271701141,,,,,,,,,,,0.517301333,,,,,,,,,,,,,,,,,,,,,0.70018284,,,1.120486765,,,,,,,,,0.731801613,,,1.006902778,1.136000844,,,,1.4546564,,,0.776927094,,,,,,,,,,0.799743382,1.055019366,,,,,0.718683172,,0.974398276,,,,,,,,,,0.671288119,,,,,,0.661946429,0.721165201,,,,,,,1.13932659,,,,,,,,,,,,,,,,1.275185714,,,,,,,0.903705866,,,,,,,,,,1.018382727,0.93887006,,,,0.752355405,,,,,,,,,,,,,,,0.70596748,0.878080319,,,,1.006130137,,,,,1.007094526,1.083261667,,,,,,,,,,,,,,,,,,1.474545556,,,,,,,,,,,,,,,,,,,,,,,,,,,,,,,,,,,,,,,,,,,,,,
,,-,,,%,,,,,,,,,,,,,,,,,3.136044453,,,,,,,2.855084846,,,,,,,,,,,5.854055702,,,,,,,,,,,,,,,,,,5.097204536,,3.560186631,3.530108096,,,3.018972946,,,,,,,,,7.279174323,,,3.657829742,2.869654388,,,,2.973019104,,,2.654086394,,,,,,,,,,4.858302924,2.29946671,,,,,4.702849147,,2.0660266,,1.912981557,,,,,,,,7.531318001,,,,,,7.506883919,4.544806461,,,,,,,3.096565842,,,,,,,,,,,,,,,,3.559025967,,,,,,,5.587825116,,,,,,,,,,5.939272013,3.167407384,,,,5.464404327,,,,,,,,,,,,,,,6.114970619,3.932773654,,,,3.712019522,,,,,3.492105086,3.455692714,,,,,,,,,,,7.056653528,,,,,,,3.100479341,,2.877172795,,,,,,,,,,,,,,,,,,,,,,,,,,,,,,,,,,,,,,,,,,,,
,,-,,,PPS/PPS,,,,,,,,,,,,,,,,,1.121429234,,,,,,,1.295532413,,,,,,,,,,,0.701781356,,,,,,,,,,,,,,,,,,,,,0.753725996,,,1.187964996,,,,,,,,,0.775876263,,,1.069150081,1.118515427,,,,1.424641695,,,0.837753521,,,,,,,,,,0.806510299,1.02327602,,,,,0.835082993,,1.049616889,,,,,,,,,,0.76856666,,,,,,0.711077041,0.693850928,,,,,,,1.107921867,,,,,,,,,,,,,,,,1.283475758,,,,,,,0.908544594,,,,,,,,,,1.013231354,0.902101139,,,,0.798637181,,,,,,,,,,,,,,,0.742473023,0.907443649,,,,1.041135986,,,,,1.0152258,1.056921615,,,,,,,,,,,,,,,,,,1.398635077,,,,,,,,,,,,,,,,,,,,,,,,,,,,,,,,,,,,,,,,,,,,,,
,2003,,,,,,,,,,,,,,,,,,,,,,,,,,,,,,,,,,,,,,,,,,,,,,,,,,,,,,,,,,,,,,,,,,,,,,,,,,,,,,,,,,,,,,,,,,,,,,,,,,,,,,,,,,,,,,,,,,,,,,,,,,,,,,,,,,,,,,,,,,,,,,,,,,,,,,,,,,,,,,,,,,,,,,,,,,,,,,,,,,,,,,,,,,,,,,,,,,,,,,,,,,,,,,,,,,,,,,,,,,,,,,,,,,,,,,,,,,,,,,,,,,,,,,,,,,,,,
,,-,,,PPS,,,,,,,,,,,,,,,,,26500,,,,,,,25600,,,,,,,,,,,7000,,,,,,,,,,,,,,,,,,11300,,18300,15900,,,25700,,,,,,,,,11300,,,23300,23100,,,,24000,,,19200,,,,,,,,,,13000,26000,,,,,29300,,23000,,23600,,,,,,,,9100,,,,,,10300,51200,,,,,,,17000,,,,,,,,,,,,,,,,26800,,,,,,,32299,,,,,,,,,,10100,16400,,,,6500,,,,,,,,,,,,,,,11500,17300,,,,20900,,,,,25700,28900,,,,,,,,,,,7400,,,,,,,25400,,32400,,,,,,,,,,,,,,,,,,,,,,,,,,,,,,,,,,,,,,,,,,,,
,,-,,,GDP(1995),,,,,,,,,,,,,,,,,1.345177665,,,,,,,1.354497354,,,,,,,,,,,1.52173913,,,,,,,,,,,,,,,,,,1.686567164,,1.4296875,1.419642857,,,1.331606218,,,,,,,,,2.132075472,,,1.474683544,1.358823529,,,,1.26984127,,,1.56097561,,,,,,,,,,1.733333333,1.333333333,,,,,1.927631579,,1.292134831,,1.229166667,,,,,,,,1.97826087,,,,,,1.980769231,1.570552147,,,,,,,1.297709924,,,,,,,,,,,,,,,,1.480662983,,,,,,,1.631262626,,,,,,,,,,1.603174603,1.451327434,,,,1.274509804,,,,,,,,,,,,,,,1.642857143,1.587155963,,,,1.559701493,,,,,1.404371585,1.262008734,,,,,,,,,,,1.681818182,,,,,,,1.50295858,,1.384615385,,,,,,,,,,,,,,,,,,,,,,,,,,,,,,,,,,,,,,,,,,,,
,,-,,,PPS/PPS,,,,,,,,,,,,,,,,,1.179332075,,,,,,,1.270065625,,,,,,,,,,,0.537157143,,,,,,,,,,,,,,,,,,,,,0.710090566,,,1.155022957,,,,,,,,,0.760456637,,,1.030962232,1.13530303,,,,1.460060417,,,0.785886979,,,,,,,,,,0.810378462,1.076860385,,,,,0.716550853,,0.969675217,,,,,,,,,,0.710213187,,,,,,0.602826214,0.748802539,,,,,,,1.163396471,,,,,,,,,,,,,,,,1.266950746,,,,,,,0.962055791,,,,,,,,,,1.09369604,0.946075,,,,0.758729231,,,,,,,,,,,,,,,0.714415652,0.904419653,,,,1.04952201,,,,,1.014211284,1.098538754,,,,,,,,,,,,,,,,,,1.478414567,,,,,,,,,,,,,,,,,,,,,,,,,,,,,,,,,,,,,,,,,,,,,,
,,-,,,%,,,,,,,,,,,,,,,,,3.136044453,,,,,,,2.855084846,,,,,,,,,,,5.854055702,,,,,,,,,,,,,,,,,,5.097204536,,3.560186631,3.530108096,,,3.018972946,,,,,,,,,7.279174323,,,3.657829742,2.869654388,,,,2.973019104,,,2.654086394,,,,,,,,,,4.858302924,2.29946671,,,,,4.702849147,,2.0660266,,1.912981557,,,,,,,,7.531318001,,,,,,7.506883919,4.544806461,,,,,,,3.096565842,,,,,,,,,,,,,,,,3.559025967,,,,,,,5.587825116,,,,,,,,,,5.939272013,3.167407384,,,,5.464404327,,,,,,,,,,,,,,,6.114970619,3.932773654,,,,3.712019522,,,,,3.492105086,3.455692714,,,,,,,,,,,7.056653528,,,,,,,3.100479341,,2.877172795,,,,,,,,,,,,,,,,,,,,,,,,,,,,,,,,,,,,,,,,,,,,
,,-,,,PPS/PPS,,,,,,,,,,,,,,,,,1.121429234,,,,,,,1.295532413,,,,,,,,,,,0.701781356,,,,,,,,,,,,,,,,,,,,,0.753725996,,,1.187964996,,,,,,,,,0.775876263,,,1.069150081,1.118515427,,,,1.424641695,,,0.837753521,,,,,,,,,,0.806510299,1.02327602,,,,,0.835082993,,1.049616889,,,,,,,,,,0.76856666,,,,,,0.711077041,0.693850928,,,,,,,1.107921867,,,,,,,,,,,,,,,,1.283475758,,,,,,,0.908544594,,,,,,,,,,1.013231354,0.902101139,,,,0.798637181,,,,,,,,,,,,,,,0.742473023,0.907443649,,,,1.041135986,,,,,1.0152258,1.056921615,,,,,,,,,,,,,,,,,,1.398635077,,,,,,,,,,,,,,,,,,,,,,,,,,,,,,,,,,,,,,,,,,,,,,
,2002,,,,,,,,,,,,,,,,,,,,,,,,,,,,,,,,,,,,,,,,,,,,,,,,,,,,,,,,,,,,,,,,,,,,,,,,,,,,,,,,,,,,,,,,,,,,,,,,,,,,,,,,,,,,,,,,,,,,,,,,,,,,,,,,,,,,,,,,,,,,,,,,,,,,,,,,,,,,,,,,,,,,,,,,,,,,,,,,,,,,,,,,,,,,,,,,,,,,,,,,,,,,,,,,,,,,,,,,,,,,,,,,,,,,,,,,,,,,,,,,,,,,,,,,,,,,,
,,-,,,PPS,,,,,,,,,,,,,,,,,26000,,,,,,,25700,,,,,,,,,,,6500,,,,,,,,,,,,,,,,,,10700,,18100,15000,,,26300,,,,,,,,,10200,,,23500,23600,,,,23400,,,18400,,,,,,,,,,12500,26600,,,,,28300,,23000,,23300,,,,,,,,8400,,,,,,9100,49100,,,,,,,16900,,,,,,,,,,,,,,,,27300,,,,,,,31600,,,,,,,,,,9900,16400,,,,6000,,,,,,,,,,,,,,,11100,16900,,,,20600,,,,,25000,29300,,,,,,,,,,,7400,,,,,,,24800,,31600,,,,,,,,,,,,,,,,,,,,,,,,,,,,,,,,,,,,,,,,,,,,
,,-,,,GDP(1995),,,,,,,,,,,,,,,,,1.319796954,,,,,,,1.35978836,,,,,,,,,,,1.413043478,,,,,,,,,,,,,,,,,,1.597014925,,1.4140625,1.339285714,,,1.362694301,,,,,,,,,1.924528302,,,1.487341772,1.388235294,,,,1.238095238,,,1.495934959,,,,,,,,,,1.666666667,1.364102564,,,,,1.861842105,,1.292134831,,1.213541667,,,,,,,,1.826086957,,,,,,1.75,1.506134969,,,,,,,1.290076336,,,,,,,,,,,,,,,,1.508287293,,,,,,,1.595959596,,,,,,,,,,1.571428571,1.451327434,,,,1.176470588,,,,,,,,,,,,,,,1.585714286,1.550458716,,,,1.537313433,,,,,1.366120219,1.279475983,,,,,,,,,,,1.681818182,,,,,,,1.467455621,,1.35042735,,,,,,,,,,,,,,,,,,,,,,,,,,,,,,,,,,,,,,,,,,,,
,,-,,,PPS/PPS,,,,,,,,,,,,,,,,,1.151447692,,,,,,,1.316147471,,,,,,,,,,,0.555284615,,,,,,,,,,,,,,,,,,,,,0.709838,,,1.156593156,,,,,,,,,0.793116667,,,1.012786809,1.15371822,,,,1.458848291,,,0.7350875,,,,,,,,,,0.8169304,1.019102256,,,,,0.708124735,,0.958543913,,,,,,,,,,0.736340476,,,,,,0.706683516,0.766821792,,,,,,,1.165062722,,,,,,,,,,,,,,,,1.253489744,,,,,,,0.95885538,,,,,,,,,,1.083433333,0.941048171,,,,0.805121667,,,,,,,,,,,,,,,0.765613514,0.905898817,,,,1.067114078,,,,,1.027726,1.087345051,,,,,,,,,,,,,,,,,,1.470402823,,,,,,,,,,,,,,,,,,,,,,,,,,,,,,,,,,,,,,,,,,,,,,
,,-,,,%,,,,,,,,,,,,,,,,,3.136044453,,,,,,,2.855084846,,,,,,,,,,,5.854055702,,,,,,,,,,,,,,,,,,5.097204536,,3.560186631,3.530108096,,,3.018972946,,,,,,,,,7.279174323,,,3.657829742,2.869654388,,,,2.973019104,,,2.654086394,,,,,,,,,,4.858302924,2.29946671,,,,,4.702849147,,2.0660266,,1.912981557,,,,,,,,7.531318001,,,,,,7.506883919,4.544806461,,,,,,,3.096565842,,,,,,,,,,,,,,,,3.559025967,,,,,,,5.587825116,,,,,,,,,,5.939272013,3.167407384,,,,5.464404327,,,,,,,,,,,,,,,6.114970619,3.932773654,,,,3.712019522,,,,,3.492105086,3.455692714,,,,,,,,,,,7.056653528,,,,,,,3.100479341,,2.877172795,,,,,,,,,,,,,,,,,,,,,,,,,,,,,,,,,,,,,,,,,,,,
,,-,,,PPS/PPS,,,,,,,,,,,,,,,,,1.121429234,,,,,,,1.295532413,,,,,,,,,,,0.701781356,,,,,,,,,,,,,,,,,,,,,0.753725996,,,1.187964996,,,,,,,,,0.775876263,,,1.069150081,1.118515427,,,,1.424641695,,,0.837753521,,,,,,,,,,0.806510299,1.02327602,,,,,0.835082993,,1.049616889,,,,,,,,,,0.76856666,,,,,,0.711077041,0.693850928,,,,,,,1.107921867,,,,,,,,,,,,,,,,1.283475758,,,,,,,0.908544594,,,,,,,,,,1.013231354,0.902101139,,,,0.798637181,,,,,,,,,,,,,,,0.742473023,0.907443649,,,,1.041135986,,,,,1.0152258,1.056921615,,,,,,,,,,,,,,,,,,1.398635077,,,,,,,,,,,,,,,,,,,,,,,,,,,,,,,,,,,,,,,,,,,,,,
,2001,,,,,,,,,,,,,,,,,,,,,,,,,,,,,,,,,,,,,,,,,,,,,,,,,,,,,,,,,,,,,,,,,,,,,,,,,,,,,,,,,,,,,,,,,,,,,,,,,,,,,,,,,,,,,,,,,,,,,,,,,,,,,,,,,,,,,,,,,,,,,,,,,,,,,,,,,,,,,,,,,,,,,,,,,,,,,,,,,,,,,,,,,,,,,,,,,,,,,,,,,,,,,,,,,,,,,,,,,,,,,,,,,,,,,,,,,,,,,,,,,,,,,,,,,,,,,
,,-,,,PPS,,,,,,,,,,,,,,,,,24900,,,,,,,24500,,,,,,,,,,,5900,,,,,,,,,,,,,,,,,,10000,,17800,14500,,,25300,,,,,,,,,9200,,,22800,22800,,,,22900,,,17100,,,,,,,,,,11500,26100,,,,,26300,,23400,,22700,,,,,,,,7600,,,,,,8300,46200,,,,,,,16100,,,,,,,,,,,,,,,,26400,,,,,,,31800,,,,,,,,,,9400,15900,,,,5500,,,,,,,,,,,,,,,10400,15800,,,,19400,,,,,24200,28400,,,,,,,,,,,7400,,,,,,,23900,,31000,,,,,,,,,,,,,,,,,,,,,,,,,,,,,,,,,,,,,,,,,,,,
,,-,,,GDP(1995),,,,,,,,,,,,,,,,,1.263959391,,,,,,,1.296296296,,,,,,,,,,,1.282608696,,,,,,,,,,,,,,,,,,1.492537313,,1.390625,1.294642857,,,1.310880829,,,,,,,,,1.735849057,,,1.443037975,1.341176471,,,,1.211640212,,,1.390243902,,,,,,,,,,1.533333333,1.338461538,,,,,1.730263158,,1.314606742,,1.182291667,,,,,,,,1.652173913,,,,,,1.596153846,1.417177914,,,,,,,1.229007634,,,,,,,,,,,,,,,,1.458563536,,,,,,,1.606060606,,,,,,,,,,1.492063492,1.407079646,,,,1.078431373,,,,,,,,,,,,,,,1.485714286,1.449541284,,,,1.447761194,,,,,1.322404372,1.240174672,,,,,,,,,,,1.681818182,,,,,,,1.414201183,,1.324786325,,,,,,,,,,,,,,,,,,,,,,,,,,,,,,,,,,,,,,,,,,,,
,,-,,,PPS/PPS,,,,,,,,,,,,,,,,,1.160577108,,,,,,,1.309941224,,,,,,,,,,,0.584840678,,,,,,,,,,,,,,,,,,,,,0.704953103,,,1.146132806,,,,,,,,,0.78568587,,,0.988177193,1.161689912,,,,1.437015284,,,0.692092398,,,,,,,,,,0.806382609,1.019837931,,,,,0.767789734,,0.950497009,,,,,,,,,,0.763892105,,,,,,0.730133735,0.789058658,,,,,,,1.170288199,,,,,,,,,,,,,,,,1.247101894,,,,,,,0.900660063,,,,,,,,,,1.108297872,0.860673585,,,,0.86822,,,,,,,,,,,,,,,0.799035577,0.929008228,,,,1.08202268,,,,,1.036324793,1.069649648,,,,,,,,,,,,,,,,,,1.491772385,,,,,,,,,,,,,,,,,,,,,,,,,,,,,,,,,,,,,,,,,,,,,,
,,-,,,%,,,,,,,,,,,,,,,,,3.136044453,,,,,,,2.855084846,,,,,,,,,,,5.854055702,,,,,,,,,,,,,,,,,,5.097204536,,3.560186631,3.530108096,,,3.018972946,,,,,,,,,7.279174323,,,3.657829742,2.869654388,,,,2.973019104,,,2.654086394,,,,,,,,,,4.858302924,2.29946671,,,,,4.702849147,,2.0660266,,1.912981557,,,,,,,,7.531318001,,,,,,7.506883919,4.544806461,,,,,,,3.096565842,,,,,,,,,,,,,,,,3.559025967,,,,,,,5.587825116,,,,,,,,,,5.939272013,3.167407384,,,,5.464404327,,,,,,,,,,,,,,,6.114970619,3.932773654,,,,3.712019522,,,,,3.492105086,3.455692714,,,,,,,,,,,7.056653528,,,,,,,3.100479341,,2.877172795,,,,,,,,,,,,,,,,,,,,,,,,,,,,,,,,,,,,,,,,,,,,
,,-,,,PPS/PPS,,,,,,,,,,,,,,,,,1.121429234,,,,,,,1.295532413,,,,,,,,,,,0.701781356,,,,,,,,,,,,,,,,,,,,,0.753725996,,,1.187964996,,,,,,,,,0.775876263,,,1.069150081,1.118515427,,,,1.424641695,,,0.837753521,,,,,,,,,,0.806510299,1.02327602,,,,,0.835082993,,1.049616889,,,,,,,,,,0.76856666,,,,,,0.711077041,0.693850928,,,,,,,1.107921867,,,,,,,,,,,,,,,,1.283475758,,,,,,,0.908544594,,,,,,,,,,1.013231354,0.902101139,,,,0.798637181,,,,,,,,,,,,,,,0.742473023,0.907443649,,,,1.041135986,,,,,1.0152258,1.056921615,,,,,,,,,,,,,,,,,,1.398635077,,,,,,,,,,,,,,,,,,,,,,,,,,,,,,,,,,,,,,,,,,,,,,
,2000,,,,,,,,,,,,,,,,,,,,,,,,,,,,,,,,,,,,,,,,,,,,,,,,,,,,,,,,,,,,,,,,,,,,,,,,,,,,,,,,,,,,,,,,,,,,,,,,,,,,,,,,,,,,,,,,,,,,,,,,,,,,,,,,,,,,,,,,,,,,,,,,,,,,,,,,,,,,,,,,,,,,,,,,,,,,,,,,,,,,,,,,,,,,,,,,,,,,,,,,,,,,,,,,,,,,,,,,,,,,,,,,,,,,,,,,,,,,,,,,,,,,,,,,,,,,,
,,-,,,PPS,,,,,,,,,,,,,,,,,25100,,,,,,,24000,,,,,,,,,,,5400,,,,,,,,,,,,,,,,,,9500,,16700,13500,,,25100,,,,,,,,,8600,,,22300,21900,,,,22400,,,16000,,,,,,,,,,10300,25100,,,,,25100,,22400,,22500,,,,,,,,7000,,,,,,7500,46600,,,,,,,16500,,,,,,,,,,,,,,,,25600,,,,,,,31400,,,,,,,,,,9200,15500,,,,5000,,,,,,,,,,,,,,,9500,15300,,,,18500,,,,,24300,28200,,,,,,,,,,,8000,,,,,,,22900,,30600,,,,,,,,,,,,,,,,,,,,,,,,,,,,,,,,,,,,,,,,,,,,
,,-,,,GDP(1995),,,,,,,,,,,,,,,,,1.274111675,,,,,,,1.26984127,,,,,,,,,,,1.173913043,,,,,,,,,,,,,,,,,,1.417910448,,1.3046875,1.205357143,,,1.300518135,,,,,,,,,1.622641509,,,1.411392405,1.288235294,,,,1.185185185,,,1.300813008,,,,,,,,,,1.373333333,1.287179487,,,,,1.651315789,,1.258426966,,1.171875,,,,,,,,1.52173913,,,,,,1.442307692,1.429447853,,,,,,,1.259541985,,,,,,,,,,,,,,,,1.414364641,,,,,,,1.585858586,,,,,,,,,,1.46031746,1.371681416,,,,0.980392157,,,,,,,,,,,,,,,1.357142857,1.403669725,,,,1.380597015,,,,,1.327868852,1.231441048,,,,,,,,,,,1.818181818,,,,,,,1.355029586,,1.307692308,,,,,,,,,,,,,,,,,,,,,,,,,,,,,,,,,,,,,,,,,,,,
,,-,,,PPS/PPS,,,,,,,,,,,,,,,,,1.163311554,,,,,,,1.293141667,,,,,,,,,,,0.650590741,,,,,,,,,,,,,,,,,,,,,0.711514074,,,1.156307171,,,,,,,,,0.798460465,,,1.003377578,1.153429224,,,,1.441484375,,,0.70847375,,,,,,,,,,0.823316505,0.81915259,,,,,0.998511155,,0.970609375,,,,,,,,,,0.788928571,,,,,,0.801882667,0.758794206,,,,,,,1.123401818,,,,,,,,,,,,,,,,1.22265625,,,,,,,0.850810828,,,,,,,,,,1.080765217,0.849174194,,,,0.822542,,,,,,,,,,,,,,,0.846925263,0.798004575,,,,1.101278919,,,,,1.006893004,1.044165248,,,,,,,,,,,,,,,,,,1.487896507,,,,,,,,,,,,,,,,,,,,,,,,,,,,,,,,,,,,,,,,,,,,,,
,,-,,,%,,,,,,,,,,,,,,,,,3.136044453,,,,,,,2.855084846,,,,,,,,,,,5.854055702,,,,,,,,,,,,,,,,,,5.097204536,,3.560186631,3.530108096,,,3.018972946,,,,,,,,,7.279174323,,,3.657829742,2.869654388,,,,2.973019104,,,2.654086394,,,,,,,,,,4.858302924,2.29946671,,,,,4.702849147,,2.0660266,,1.912981557,,,,,,,,7.531318001,,,,,,7.506883919,4.544806461,,,,,,,3.096565842,,,,,,,,,,,,,,,,3.559025967,,,,,,,5.587825116,,,,,,,,,,5.939272013,3.167407384,,,,5.464404327,,,,,,,,,,,,,,,6.114970619,3.932773654,,,,3.712019522,,,,,3.492105086,3.455692714,,,,,,,,,,,7.056653528,,,,,,,3.100479341,,2.877172795,,,,,,,,,,,,,,,,,,,,,,,,,,,,,,,,,,,,,,,,,,,,
,,-,,,PPS/PPS,,,,,,,,,,,,,,,,,1.121429234,,,,,,,1.295532413,,,,,,,,,,,0.701781356,,,,,,,,,,,,,,,,,,,,,0.753725996,,,1.187964996,,,,,,,,,0.775876263,,,1.069150081,1.118515427,,,,1.424641695,,,0.837753521,,,,,,,,,,0.806510299,1.02327602,,,,,0.835082993,,1.049616889,,,,,,,,,,0.76856666,,,,,,0.711077041,0.693850928,,,,,,,1.107921867,,,,,,,,,,,,,,,,1.283475758,,,,,,,0.908544594,,,,,,,,,,1.013231354,0.902101139,,,,0.798637181,,,,,,,,,,,,,,,0.742473023,0.907443649,,,,1.041135986,,,,,1.0152258,1.056921615,,,,,,,,,,,,,,,,,,1.398635077,,,,,,,,,,,,,,,,,,,,,,,,,,,,,,,,,,,,,,,,,,,,,,
,1999,,,,,,,,,,,,,,,,,,,,,,,,,,,,,,,,,,,,,,,,,,,,,,,,,,,,,,,,,,,,,,,,,,,,,,,,,,,,,,,,,,,,,,,,,,,,,,,,,,,,,,,,,,,,,,,,,,,,,,,,,,,,,,,,,,,,,,,,,,,,,,,,,,,,,,,,,,,,,,,,,,,,,,,,,,,,,,,,,,,,,,,,,,,,,,,,,,,,,,,,,,,,,,,,,,,,,,,,,,,,,,,,,,,,,,,,,,,,,,,,,,,,,,,,,,,,,
,,-,,,PPS,,,,,,,,,,,,,,,,,23500,,,,,,,21900,,,,,,,,,,,4900,,,,,,,,,,,,,,,,,,8600,,15500,12800,,,23300,,,,,,,,,7600,,,20400,20400,,,,21600,,,14700,,,,,,,,,,9600,24800,,,,,22500,,21100,,21300,,,,,,,,6500,,,,,,6900,42400,,,,,,,14900,,,,,,,,,,,,,,,,23300,,,,,,,25800,,,,,,,,,,8600,14500,,,,4700,,,,,,,,,,,,,,,9000,14400,,,,17100,,,,,22500,26500,,,,,,,,,,,7100,,,,,,,21200,,29000,,,,,,,,,,,,,,,,,,,,,,,,,,,,,,,,,,,,,,,,,,,,
,,-,,,GDP(1995),,,,,,,,,,,,,,,,,1.192893401,,,,,,,1.158730159,,,,,,,,,,,1.065217391,,,,,,,,,,,,,,,,,,1.28358209,,1.2109375,1.142857143,,,1.207253886,,,,,,,,,1.433962264,,,1.291139241,1.2,,,,1.142857143,,,1.195121951,,,,,,,,,,1.28,1.271794872,,,,,1.480263158,,1.185393258,,1.109375,,,,,,,,1.413043478,,,,,,1.326923077,1.300613497,,,,,,,1.13740458,,,,,,,,,,,,,,,,1.287292818,,,,,,,1.303030303,,,,,,,,,,1.365079365,1.283185841,,,,0.921568627,,,,,,,,,,,,,,,1.285714286,1.321100917,,,,1.276119403,,,,,1.229508197,1.15720524,,,,,,,,,,,1.613636364,,,,,,,1.25443787,,1.239316239,,,,,,,,,,,,,,,,,,,,,,,,,,,,,,,,,,,,,,,,,,,,
,,-,,,PPS/PPS,,,,,,,,,,,,,,,,,0.951269362,,,,,,,1.260924201,,,,,,,,,,,0.890557143,,,,,,,,,,,,,,,,,,,,,0.819901563,,,1.301839914,,,,,,,,,0.7367,,,1.008266176,0.968405392,,,,1.382587037,,,0.865878912,,,,,,,,,,0.65539375,0.760633871,,,,,0.885006222,,1.101548815,,,,,,,,,,0.714815385,,,,,,0.785617391,0.679630896,,,,,,,1.008349664,,,,,,,,,,,,,,,,1.195361373,,,,,,,0.976479457,,,,,,,,,,1.123852326,0.688686207,,,,0.693910638,,,,,,,,,,,,,,,0.677558889,0.893909722,,,,1.025605848,,,,,0.887818667,1.069366038,,,,,,,,,,,,,,,,,,1.141060377,,,,,,,,,,,,,,,,,,,,,,,,,,,,,,,,,,,,,,,,,,,,,,
,,-,,,%,,,,,,,,,,,,,,,,,3.136044453,,,,,,,2.855084846,,,,,,,,,,,5.854055702,,,,,,,,,,,,,,,,,,5.097204536,,3.560186631,3.530108096,,,3.018972946,,,,,,,,,7.279174323,,,3.657829742,2.869654388,,,,2.973019104,,,2.654086394,,,,,,,,,,4.858302924,2.29946671,,,,,4.702849147,,2.0660266,,1.912981557,,,,,,,,7.531318001,,,,,,7.506883919,4.544806461,,,,,,,3.096565842,,,,,,,,,,,,,,,,3.559025967,,,,,,,5.587825116,,,,,,,,,,5.939272013,3.167407384,,,,5.464404327,,,,,,,,,,,,,,,6.114970619,3.932773654,,,,3.712019522,,,,,3.492105086,3.455692714,,,,,,,,,,,7.056653528,,,,,,,3.100479341,,2.877172795,,,,,,,,,,,,,,,,,,,,,,,,,,,,,,,,,,,,,,,,,,,,
,,-,,,PPS/PPS,,,,,,,,,,,,,,,,,1.121429234,,,,,,,1.295532413,,,,,,,,,,,0.701781356,,,,,,,,,,,,,,,,,,,,,0.753725996,,,1.187964996,,,,,,,,,0.775876263,,,1.069150081,1.118515427,,,,1.424641695,,,0.837753521,,,,,,,,,,0.806510299,1.02327602,,,,,0.835082993,,1.049616889,,,,,,,,,,0.76856666,,,,,,0.711077041,0.693850928,,,,,,,1.107921867,,,,,,,,,,,,,,,,1.283475758,,,,,,,0.908544594,,,,,,,,,,1.013231354,0.902101139,,,,0.798637181,,,,,,,,,,,,,,,0.742473023,0.907443649,,,,1.041135986,,,,,1.0152258,1.056921615,,,,,,,,,,,,,,,,,,1.398635077,,,,,,,,,,,,,,,,,,,,,,,,,,,,,,,,,,,,,,,,,,,,,,
,1998,,,,,,,,,,,,,,,,,,,,,,,,,,,,,,,,,,,,,,,,,,,,,,,,,,,,,,,,,,,,,,,,,,,,,,,,,,,,,,,,,,,,,,,,,,,,,,,,,,,,,,,,,,,,,,,,,,,,,,,,,,,,,,,,,,,,,,,,,,,,,,,,,,,,,,,,,,,,,,,,,,,,,,,,,,,,,,,,,,,,,,,,,,,,,,,,,,,,,,,,,,,,,,,,,,,,,,,,,,,,,,,,,,,,,,,,,,,,,,,,,,,,,,,,,,,,,
,,-,,,PPS,,,,,,,,,,,,,,,,,22400,,,,,,,20900,,,,,,,,,,,4700,,,,,,,,,,,,,,,,,,8600,,14600,12300,,,22400,,,,,,,,,7200,,,19300,19500,,,,20700,,,14100,,,,,,,,,,9100,23800,,,,,20500,,20400,,20800,,,,,,,,6200,,,,,,6900,37000,,,,,,,14100,,,,,,,,,,,,,,,,21800,,,,,,,23500,,,,,,,,,,8100,13500,,,,4500,,,,,,,,,,,,,,,8800,13400,,,,16200,,,,,20900,25800,,,,,,,,,,,7300,,,,,,,20300,,27300,,,,,,,,,,,,,,,,,,,,,,,,,,,,,,,,,,,,,,,,,,,,
,,-,,,GDP(1995),,,,,,,,,,,,,,,,,1.137055838,,,,,,,1.105820106,,,,,,,,,,,1.02173913,,,,,,,,,,,,,,,,,,1.28358209,,1.140625,1.098214286,,,1.160621762,,,,,,,,,1.358490566,,,1.221518987,1.147058824,,,,1.095238095,,,1.146341463,,,,,,,,,,1.213333333,1.220512821,,,,,1.348684211,,1.146067416,,1.083333333,,,,,,,,1.347826087,,,,,,1.326923077,1.134969325,,,,,,,1.076335878,,,,,,,,,,,,,,,,1.20441989,,,,,,,1.186868687,,,,,,,,,,1.285714286,1.194690265,,,,0.882352941,,,,,,,,,,,,,,,1.257142857,1.229357798,,,,1.208955224,,,,,1.142076503,1.126637555,,,,,,,,,,,1.659090909,,,,,,,1.201183432,,1.166666667,,,,,,,,,,,,,,,,,,,,,,,,,,,,,,,,,,,,,,,,,,,,
,,-,,,PPS/PPS,,,,,,,,,,,,,,,,,0.987534821,,,,,,,1.312710526,,,,,,,,,,,0.946551064,,,,,,,,,,,,,,,,,,,,,0.818045528,,,1.358854018,,,,,,,,,0.769316667,,,1.041130052,0.986848205,,,,1.416744928,,,0.878429787,,,,,,,,,,0.677867033,0.794198319,,,,,0.944745366,,1.162732353,,,,,,,,,,0.779798387,,,,,,0.780894203,0.769811351,,,,,,,,,,,,,,,,,,,,,,,1.257590826,,,,,,,1.039850638,,,,,,,,,,0.936762963,0.727232593,,,,0.78812,,,,,,,,,,,,,,,0.745881818,0.932374627,,,,1.081089506,,,,,0.947281818,1.072896124,,,,,,,,,,,,,,,,,,1.188966502,,,,,,,,,,,,,,,,,,,,,,,,,,,,,,,,,,,,,,,,,,,,,,
,,-,,,%,,,,,,,,,,,,,,,,,3.136044453,,,,,,,2.855084846,,,,,,,,,,,5.854055702,,,,,,,,,,,,,,,,,,5.097204536,,3.560186631,3.530108096,,,3.018972946,,,,,,,,,7.279174323,,,3.657829742,2.869654388,,,,2.973019104,,,2.654086394,,,,,,,,,,4.858302924,2.29946671,,,,,4.702849147,,2.0660266,,1.912981557,,,,,,,,7.531318001,,,,,,7.506883919,4.544806461,,,,,,,3.096565842,,,,,,,,,,,,,,,,3.559025967,,,,,,,5.587825116,,,,,,,,,,5.939272013,3.167407384,,,,5.464404327,,,,,,,,,,,,,,,6.114970619,3.932773654,,,,3.712019522,,,,,3.492105086,3.455692714,,,,,,,,,,,7.056653528,,,,,,,3.100479341,,2.877172795,,,,,,,,,,,,,,,,,,,,,,,,,,,,,,,,,,,,,,,,,,,,
,,-,,,PPS/PPS,,,,,,,,,,,,,,,,,1.121429234,,,,,,,1.295532413,,,,,,,,,,,0.701781356,,,,,,,,,,,,,,,,,,,,,0.753725996,,,1.187964996,,,,,,,,,0.775876263,,,1.069150081,1.118515427,,,,1.424641695,,,0.837753521,,,,,,,,,,0.806510299,1.02327602,,,,,0.835082993,,1.049616889,,,,,,,,,,0.76856666,,,,,,0.711077041,0.693850928,,,,,,,1.107921867,,,,,,,,,,,,,,,,1.283475758,,,,,,,0.908544594,,,,,,,,,,1.013231354,0.902101139,,,,0.798637181,,,,,,,,,,,,,,,0.742473023,0.907443649,,,,1.041135986,,,,,1.0152258,1.056921615,,,,,,,,,,,,,,,,,,1.398635077,,,,,,,,,,,,,,,,,,,,,,,,,,,,,,,,,,,,,,,,,,,,,,
,1997,,,,,,,,,,,,,,,,,,,,,,,,,,,,,,,,,,,,,,,,,,,,,,,,,,,,,,,,,,,,,,,,,,,,,,,,,,,,,,,,,,,,,,,,,,,,,,,,,,,,,,,,,,,,,,,,,,,,,,,,,,,,,,,,,,,,,,,,,,,,,,,,,,,,,,,,,,,,,,,,,,,,,,,,,,,,,,,,,,,,,,,,,,,,,,,,,,,,,,,,,,,,,,,,,,,,,,,,,,,,,,,,,,,,,,,,,,,,,,,,,,,,,,,,,,,,,
,,-,,,PPS,,,,,,,,,,,,,,,,,21400,,,,,,,20400,,,,,,,,,,,4200,,,,,,,,,,,,,,,,,,8200,,13800,12300,,,21600,,,,,,,,,6800,,,17900,18600,,,,20100,,,13700,,,,,,,,,,8500,22300,,,,,18600,,19400,,21100,,,,,,,,5600,,,,,,6300,34900,,,,,,,13500,,,,,,,,,,,,,,,,20600,,,,,,,23900,,,,,,,,,,7600,12700,,,,4800,,,,,,,,,,,,,,,8300,12700,,,,15100,,,,,20100,25100,,,,,,,,,,,5300,,,,,,,19500,,26100,,,,,,,,,,,,,,,,,,,,,,,,,,,,,,,,,,,,,,,,,,,,
,,-,,,GDP(1995),,,,,,,,,,,,,,,,,1.086294416,,,,,,,1.079365079,,,,,,,,,,,0.913043478,,,,,,,,,,,,,,,,,,1.223880597,,1.078125,1.098214286,,,1.119170984,,,,,,,,,1.283018868,,,1.132911392,1.094117647,,,,1.063492063,,,1.113821138,,,,,,,,,,1.133333333,1.143589744,,,,,1.223684211,,1.08988764,,1.098958333,,,,,,,,1.217391304,,,,,,1.211538462,1.070552147,,,,,,,1.030534351,,,,,,,,,,,,,,,,1.138121547,,,,,,,1.207070707,,,,,,,,,,1.206349206,1.123893805,,,,0.941176471,,,,,,,,,,,,,,,1.185714286,1.165137615,,,,1.126865672,,,,,1.098360656,1.096069869,,,,,,,,,,,1.204545455,,,,,,,1.153846154,,1.115384615,,,,,,,,,,,,,,,,,,,,,,,,,,,,,,,,,,,,,,,,,,,,
,,-,,,PPS/PPS,,,,,,,,,,,,,,,,,1.018175234,,,,,,,1.328719118,,,,,,,,,,,0.891202381,,,,,,,,,,,,,,,,,,,,,0.817786179,,,1.366535185,,,,,,,,,0.838730882,,,1.138814525,1.044382796,,,,1.445091542,,,0.891911679,,,,,,,,,,0.705555294,0.782227354,,,,,1.018571505,,1.223101546,,,,,,,,,,0.883828571,,,,,,0.777893651,0.805411175,,,,,,,,,,,,,,,,,,,,,,,1.405596117,,,,,,,0.990140586,,,,,,,,,,0.965185526,0.778711024,,,,0.855983333,,,,,,,,,,,,,,,0.815326506,0.948598425,,,,1.145598675,,,,,0.960908458,1.09225259,,,,,,,,,,,,,,,,,,1.220342564,,,,,,,,,,,,,,,,,,,,,,,,,,,,,,,,,,,,,,,,,,,,,,
,,-,,,%,,,,,,,,,,,,,,,,,3.136044453,,,,,,,2.855084846,,,,,,,,,,,5.854055702,,,,,,,,,,,,,,,,,,5.097204536,,3.560186631,3.530108096,,,3.018972946,,,,,,,,,7.279174323,,,3.657829742,2.869654388,,,,2.973019104,,,2.654086394,,,,,,,,,,4.858302924,2.29946671,,,,,4.702849147,,2.0660266,,1.912981557,,,,,,,,7.531318001,,,,,,7.506883919,4.544806461,,,,,,,3.096565842,,,,,,,,,,,,,,,,3.559025967,,,,,,,5.587825116,,,,,,,,,,5.939272013,3.167407384,,,,5.464404327,,,,,,,,,,,,,,,6.114970619,3.932773654,,,,3.712019522,,,,,3.492105086,3.455692714,,,,,,,,,,,7.056653528,,,,,,,3.100479341,,2.877172795,,,,,,,,,,,,,,,,,,,,,,,,,,,,,,,,,,,,,,,,,,,,
,,-,,,PPS/PPS,,,,,,,,,,,,,,,,,1.121429234,,,,,,,1.295532413,,,,,,,,,,,0.701781356,,,,,,,,,,,,,,,,,,,,,0.753725996,,,1.187964996,,,,,,,,,0.775876263,,,1.069150081,1.118515427,,,,1.424641695,,,0.837753521,,,,,,,,,,0.806510299,1.02327602,,,,,0.835082993,,1.049616889,,,,,,,,,,0.76856666,,,,,,0.711077041,0.693850928,,,,,,,1.107921867,,,,,,,,,,,,,,,,1.283475758,,,,,,,0.908544594,,,,,,,,,,1.013231354,0.902101139,,,,0.798637181,,,,,,,,,,,,,,,0.742473023,0.907443649,,,,1.041135986,,,,,1.0152258,1.056921615,,,,,,,,,,,,,,,,,,1.398635077,,,,,,,,,,,,,,,,,,,,,,,,,,,,,,,,,,,,,,,,,,,,,,
,1996,,,,,,,,,,,,,,,,,,,,,,,,,,,,,,,,,,,,,,,,,,,,,,,,,,,,,,,,,,,,,,,,,,,,,,,,,,,,,,,,,,,,,,,,,,,,,,,,,,,,,,,,,,,,,,,,,,,,,,,,,,,,,,,,,,,,,,,,,,,,,,,,,,,,,,,,,,,,,,,,,,,,,,,,,,,,,,,,,,,,,,,,,,,,,,,,,,,,,,,,,,,,,,,,,,,,,,,,,,,,,,,,,,,,,,,,,,,,,,,,,,,,,,,,,,,,,
,,-,,,PPS,,,,,,,,,,,,,,,,,20700,,,,,,,19400,,,,,,,,,,,3900,,,,,,,,,,,,,,,,,,7600,,13300,12100,,,20400,,,,,,,,,5800,,,16300,17600,,,,19500,,,12900,,,,,,,,,,7900,20500,,,,,16700,,18600,,20200,,,,,,,,5000,,,,,,5700,34100,,,,,,,12600,,,,,,,,,,,,,,,,19200,,,,,,,22100,,,,,,,,,,6900,11900,,,,5100,,,,,,,,,,,,,,,7700,11700,,,,14200,,,,,19200,23700,,,,,,,,,,,4800,,,,,,,18100,,24700,,,,,,,,,,,,,,,,,,,,,,,,,,,,,,,,,,,,,,,,,,,,
,,-,,,GDP(1995),,,,,,,,,,,,,,,,,1.050761421,,,,,,,1.026455026,,,,,,,,,,,0.847826087,,,,,,,,,,,,,,,,,,1.134328358,,1.0390625,1.080357143,,,1.056994819,,,,,,,,,1.094339623,,,1.03164557,1.035294118,,,,1.031746032,,,1.048780488,,,,,,,,,,1.053333333,1.051282051,,,,,1.098684211,,1.04494382,,1.052083333,,,,,,,,1.086956522,,,,,,1.096153846,1.04601227,,,,,,,0.961832061,,,,,,,,,,,,,,,,1.060773481,,,,,,,1.116161616,,,,,,,,,,1.095238095,1.053097345,,,,1,,,,,,,,,,,,,,,1.1,1.073394495,,,,1.059701493,,,,,1.049180328,1.034934498,,,,,,,,,,,1.090909091,,,,,,,1.071005917,,1.055555556,,,,,,,,,,,,,,,,,,,,,,,,,,,,,,,,,,,,,,,,,,,,
,,-,,,PPS/PPS,,,,,,,,,,,,,,,,,1.052406763,,,,,,,1.38797732,,,,,,,,,,,1.151651282,,,,,,,,,,,,,,,,,,,,,0.799109917,,,1.434422549,,,,,,,,,0.902039655,,,1.242053374,1.021825568,,,,1.499679487,,,0.918334884,,,,,,,,,,0.741106329,0.821880488,,,,,1.144041317,,1.224547849,,,,,,,,,,0.871082,,,,,,0.726561404,0.81076217,,,,,,,,,,,,,,,,,,,,,,,1.453815625,,,,,,,1.056719005,,,,,,,,,,1.002426087,0.806620168,,,,1.072505882,,,,,,,,,,,,,,,0.91414026,0.997205983,,,,1.193819014,,,,,1.002914583,1.161142194,,,,,,,,,,,,,,,,,,1.281080663,,,,,,,,,,,,,,,,,,,,,,,,,,,,,,,,,,,,,,,,,,,,,,
,,-,,,%,,,,,,,,,,,,,,,,,3.136044453,,,,,,,2.855084846,,,,,,,,,,,5.854055702,,,,,,,,,,,,,,,,,,5.097204536,,3.560186631,3.530108096,,,3.018972946,,,,,,,,,7.279174323,,,3.657829742,2.869654388,,,,2.973019104,,,2.654086394,,,,,,,,,,4.858302924,2.29946671,,,,,4.702849147,,2.0660266,,1.912981557,,,,,,,,7.531318001,,,,,,7.506883919,4.544806461,,,,,,,3.096565842,,,,,,,,,,,,,,,,3.559025967,,,,,,,5.587825116,,,,,,,,,,5.939272013,3.167407384,,,,5.464404327,,,,,,,,,,,,,,,6.114970619,3.932773654,,,,3.712019522,,,,,3.492105086,3.455692714,,,,,,,,,,,7.056653528,,,,,,,3.100479341,,2.877172795,,,,,,,,,,,,,,,,,,,,,,,,,,,,,,,,,,,,,,,,,,,,
,,-,,,PPS/PPS,,,,,,,,,,,,,,,,,1.121429234,,,,,,,1.295532413,,,,,,,,,,,0.701781356,,,,,,,,,,,,,,,,,,,,,0.753725996,,,1.187964996,,,,,,,,,0.775876263,,,1.069150081,1.118515427,,,,1.424641695,,,0.837753521,,,,,,,,,,0.806510299,1.02327602,,,,,0.835082993,,1.049616889,,,,,,,,,,0.76856666,,,,,,0.711077041,0.693850928,,,,,,,1.107921867,,,,,,,,,,,,,,,,1.283475758,,,,,,,0.908544594,,,,,,,,,,1.013231354,0.902101139,,,,0.798637181,,,,,,,,,,,,,,,0.742473023,0.907443649,,,,1.041135986,,,,,1.0152258,1.056921615,,,,,,,,,,,,,,,,,,1.398635077,,,,,,,,,,,,,,,,,,,,,,,,,,,,,,,,,,,,,,,,,,,,,,
,1995,,,,,,,,,,,,,,,,,,,,,,,,,,,,,,,,,,,,,,,,,,,,,,,,,,,,,,,,,,,,,,,,,,,,,,,,,,,,,,,,,,,,,,,,,,,,,,,,,,,,,,,,,,,,,,,,,,,,,,,,,,,,,,,,,,,,,,,,,,,,,,,,,,,,,,,,,,,,,,,,,,,,,,,,,,,,,,,,,,,,,,,,,,,,,,,,,,,,,,,,,,,,,,,,,,,,,,,,,,,,,,,,,,,,,,,,,,,,,,,,,,,,,,,,,,,,,
,,-,,,PPS,,,,,,,,,,,,,,,,,19700,,,,,,,18900,,,,,,,,,,,4600,,,,,,,,,,,,,,,,,,6700,,12800,11200,,,19300,,,,,,,,,5300,,,15800,17000,,,,18900,,,12300,,,,,,,,,,7500,19500,,,,,15200,,17800,,19200,,,,,,,,4600,,,,,,5200,32600,,,,,,,13100,,,,,,,,,,,,,,,,18100,,,,,,,19800,,,,,,,,,,6300,11300,,,,,,,,,,,,,,,,,,,7000,10900,,,,13400,,,,,18300,22900,,,,,,,,,,,4400,,,,,,,16900,,23400,,,,,,,,,,,,,,,,,,,,,,,,,,,,,,,,,,,,,,,,,,,,
,,-,,,GDP(1995),,,,,,,,,,,,,,,,,1,,,,,,,1,,,,,,,,,,,1,,,,,,,,,,,,,,,,,,1,,1,1,,,1,,,,,,,,,1,,,1,1,,,,1,,,1,,,,,,,,,,1,1,,,,,1,,1,,1,,,,,,,,1,,,,,,1,1,,,,,,,1,,,,,,,,,,,,,,,,1,,,,,,,1,,,,,,,,,,1,1,,,,1,,,,,,,,,,,,,,,1,1,,,,1,,,,,1,1,,,,,,,,,,,1,,,,,,,1,,1,,,,,,,,,,,,,,,,,,,,,,,,,,,,,,,,,,,,,,,,,,,,
,,-,,,PPS/PPS,,,,,,,,,,,,,,,,,,,,,,,,,,,,,,,,,,,,,,,,,,,,,,,,,,,,,,,,,,,,,,,,,,,,,,,,,,,,,,,,,,,,,,,,,,,,,,,,,,,,,,,,,,,,,,,,,0.761725,,,,,,,,,,,,,,,,,,,,,,,,,,,,,,,,,,,,,,,,,,,,,,,,,,,,,,,,,,,,,,,,,,,,,,,,,,,,,,,,,,,,,,,,,,,,,,,,,,,,,,,,,,,,,,,,,,,,,,,,,,,,,,,,,,,,,,,,
,,-,,,%,,,,,,,,,,,,,,,,,3.136044453,,,,,,,2.855084846,,,,,,,,,,,5.854055702,,,,,,,,,,,,,,,,,,5.097204536,,3.560186631,3.530108096,,,3.018972946,,,,,,,,,7.279174323,,,3.657829742,2.869654388,,,,2.973019104,,,2.654086394,,,,,,,,,,4.858302924,2.29946671,,,,,4.702849147,,2.0660266,,1.912981557,,,,,,,,7.531318001,,,,,,7.506883919,4.544806461,,,,,,,3.096565842,,,,,,,,,,,,,,,,3.559025967,,,,,,,5.587825116,,,,,,,,,,5.939272013,3.167407384,,,,5.464404327,,,,,,,,,,,,,,,6.114970619,3.932773654,,,,3.712019522,,,,,3.492105086,3.455692714,,,,,,,,,,,7.056653528,,,,,,,3.100479341,,2.877172795,,,,,,,,,,,,,,,,,,,,,,,,,,,,,,,,,,,,,,,,,,,,
,,-,,,PPS/PPS,,,,,,,,,,,,,,,,,1.121429234,,,,,,,1.295532413,,,,,,,,,,,0.701781356,,,,,,,,,,,,,,,,,,,,,0.753725996,,,1.187964996,,,,,,,,,0.775876263,,,1.069150081,1.118515427,,,,1.424641695,,,0.837753521,,,,,,,,,,0.806510299,1.02327602,,,,,0.835082993,,1.049616889,,,,,,,,,,0.76856666,,,,,,0.711077041,0.693850928,,,,,,,1.107921867,,,,,,,,,,,,,,,,1.283475758,,,,,,,0.908544594,,,,,,,,,,1.013231354,0.902101139,,,,0.798637181,,,,,,,,,,,,,,,0.742473023,0.907443649,,,,1.041135986,,,,,1.0152258,1.056921615,,,,,,,,,,,,,,,,,,1.398635077,,,,,,,,,,,,,,,,,,,,,,,,,,,,,,,,,,,,,,,,,,,,,,
,,,,,,,,,,,,,,,,,,,,,,,,,,,,,,,,,,,,,,,,,,,,,,,,,,,,,,,,,,,,,,,,,,,,,,,,,,,,,,,,,,,,,,,,,,,,,,,,,,,,,,,,,,,,,,,,,,,,,,,,,,,,,,,,,,,,,,,,,,,,,,,,,,,,,,,,,,,,,,,,,,,,,,,,,,,,,,,,,,,,,,,,,,,,,,,,,,,,,,,,,,,,,,,,,,,,,,,,,,,,,,,,,,,,,,,,,,,,,,,,,,,,,,,,,,,,,,
